{"conn": [[0.0, 1.0, 2.0, 3.0, 4.0, 5.0, 6.0, 7.0, 8.0, 9.0, 10.0, 11.0, 12.0, 13.0, 14.0, 15.0, 16.0, 17.0, 18.0, 19.0, 20.0, 21.0, 22.0, 23.0, 24.0, 25.0, 26.0, 27.0, 28.0, 29.0, 30.0, 31.0, 32.0, 33.0, 34.0, 35.0, 36.0], [0.0, 1.0, 0.0, 1.0, 0.0, 1.0, 0.0, 1.0, 0.0, 1.0, 3.0, 4.0, 5.0, 6.0, 7.0, 3.0, 4.0, 5.0, 6.0, 7.0, 2.0, 2.0, 2.0, 2.0, 2.0, 2.0, 2.0, 7.0, 10.0, 1.0, 11.0, 1.0, 12.0, 0.0, 13.0, 1.0, 14.0], [3.0, 3.0, 4.0, 4.0, 5.0, 5.0, 6.0, 6.0, 7.0, 7.0, 8.0, 8.0, 8.0, 8.0, 8.0, 9.0, 9.0, 9.0, 9.0, 9.0, 3.0, 4.0, 5.0, 6.0, 7.0, 8.0, 9.0, 10.0, 8.0, 11.0, 5.0, 12.0, 3.0, 13.0, 7.0, 14.0, 4.0], [1.5040767192840576, -2.0957489013671875, -0.6558191180229187, -0.5139776468276978, -0.11886391043663025, -0.5554525256156921, 0.25297051668167114, -0.3670440912246704, -0.052784405648708344, 0.2799133062362671, 0.4030590355396271, -1.8627718687057495, -2.6473917961120605, -0.4815937876701355, -1.4807056188583374, 0.48068445920944214, -0.8304267525672913, 0.41622740030288696, -0.7772058248519897, 1.3205729722976685, -1.6082124710083008, 0.8112638592720032, 0.40868303179740906, -1.9845436811447144, 0.5626700520515442, 0.3203224539756775, -0.22289493680000305, 1.0108922719955444, 0.8742942810058594, 0.6811503767967224, -1.3864623308181763, -1.163202166557312, 1.2905261516571045, 0.4560627043247223, -1.1378484964370728, -0.09889929741621017, -1.0406312942504883], [1.0, 1.0, 1.0, 1.0, 1.0, 1.0, 1.0, 1.0, 1.0, 1.0, 1.0, 1.0, 1.0, 1.0, 1.0, 1.0, 1.0, 1.0, 1.0, 1.0, 1.0, 1.0, 1.0, 1.0, 1.0, 1.0, 1.0, 1.0, 1.0, 1.0, 1.0, 1.0, 1.0, 1.0, 1.0, 1.0, 1.0]], "node": [[0.0, 1.0, 2.0, 3.0, 4.0, 5.0, 6.0, 7.0, 8.0, 9.0, 10.0, 11.0, 12.0, 13.0, 14.0], [1.0, 1.0, 4.0, 3.0, 3.0, 3.0, 3.0, 3.0, 2.0, 2.0, 3.0, 3.0, 3.0, 3.0, 3.0], [9.0, 10.0, 9.0, 4.0, 1.0, 9.0, 4.0, 11.0, 6.0, 4.0, 3.0, 4.0, 3.0, 8.0, 9.0]]}