{"conn": [[0.0, 1.0, 2.0, 3.0, 4.0, 5.0, 6.0, 7.0, 8.0, 9.0, 10.0, 11.0, 12.0, 13.0, 14.0, 15.0, 16.0, 17.0, 18.0, 19.0, 20.0, 21.0, 22.0, 23.0, 24.0, 25.0, 26.0, 27.0, 28.0], [0.0, 1.0, 0.0, 1.0, 0.0, 1.0, 0.0, 1.0, 0.0, 1.0, 3.0, 4.0, 5.0, 6.0, 7.0, 3.0, 4.0, 5.0, 6.0, 7.0, 2.0, 2.0, 2.0, 2.0, 2.0, 2.0, 2.0, 7.0, 10.0], [3.0, 3.0, 4.0, 4.0, 5.0, 5.0, 6.0, 6.0, 7.0, 7.0, 8.0, 8.0, 8.0, 8.0, 8.0, 9.0, 9.0, 9.0, 9.0, 9.0, 3.0, 4.0, 5.0, 6.0, 7.0, 8.0, 9.0, 10.0, 8.0], [0.32933151721954346, 1.1132621765136719, -1.5094085931777954, 0.26426762342453003, 0.9820334315299988, -0.8987054228782654, 0.9164812564849854, 0.5725523233413696, 0.3344220519065857, 0.6221895813941956, -1.5883784294128418, -3.0230963230133057, -1.1642991304397583, 1.122652292251587, 0.4571338891983032, -0.13931983709335327, 1.304061770439148, 0.15572930872440338, -1.3895354270935059, 0.8123602867126465, -0.4753624498844147, 0.8516902923583984, -0.3318624794483185, 0.3220460116863251, -0.6552600860595703, 1.851415753364563, -1.4947123527526855, 0.13118329644203186, -0.23067761957645416], [1.0, 1.0, 1.0, 1.0, 1.0, 1.0, 1.0, 1.0, 1.0, 1.0, 1.0, 1.0, 1.0, 1.0, 1.0, 1.0, 1.0, 1.0, 1.0, 1.0, 1.0, 1.0, 1.0, 1.0, 1.0, 1.0, 1.0, 1.0, 1.0]], "node": [[0.0, 1.0, 2.0, 3.0, 4.0, 5.0, 6.0, 7.0, 8.0, 9.0, 10.0], [1.0, 1.0, 4.0, 3.0, 3.0, 3.0, 3.0, 3.0, 2.0, 2.0, 3.0], [5.0, 7.0, 10.0, 4.0, 10.0, 1.0, 8.0, 8.0, 6.0, 4.0, 9.0]]}