{"conn": [[0.0, 1.0, 2.0, 3.0, 4.0, 5.0, 6.0, 7.0, 8.0, 9.0, 10.0, 11.0, 12.0, 13.0, 14.0, 15.0, 16.0, 17.0, 18.0, 19.0, 20.0, 21.0, 22.0, 23.0, 24.0, 25.0, 26.0, 27.0, 28.0, 29.0, 30.0], [0.0, 1.0, 0.0, 1.0, 0.0, 1.0, 0.0, 1.0, 0.0, 1.0, 3.0, 4.0, 5.0, 6.0, 7.0, 3.0, 4.0, 5.0, 6.0, 7.0, 2.0, 2.0, 2.0, 2.0, 2.0, 2.0, 2.0, 7.0, 10.0, 1.0, 11.0], [3.0, 3.0, 4.0, 4.0, 5.0, 5.0, 6.0, 6.0, 7.0, 7.0, 8.0, 8.0, 8.0, 8.0, 8.0, 9.0, 9.0, 9.0, 9.0, 9.0, 3.0, 4.0, 5.0, 6.0, 7.0, 8.0, 9.0, 10.0, 8.0, 11.0, 5.0], [-0.5338913798332214, 0.8417910933494568, 0.8115571141242981, 0.05308707803487778, 0.7247880697250366, -0.5391156077384949, -0.21932148933410645, 0.550920307636261, 0.16972555220127106, 1.1971721649169922, -1.0609421730041504, 0.28213271498680115, -1.0543168783187866, 1.0187538862228394, -0.4216725528240204, -1.072769284248352, 0.3031899034976959, -0.7655693292617798, 1.3062728643417358, -0.7149364948272705, -0.18686386942863464, -1.8082983493804932, -0.4617422819137573, 0.17252914607524872, 0.4310784637928009, 0.2948003113269806, -0.8942255973815918, -0.30150604248046875, 0.27695706486701965, -1.4905775785446167, -0.5799751281738281], [1.0, 1.0, 1.0, 1.0, 1.0, 1.0, 1.0, 1.0, 1.0, 1.0, 1.0, 1.0, 1.0, 1.0, 1.0, 1.0, 1.0, 1.0, 1.0, 1.0, 1.0, 1.0, 1.0, 1.0, 1.0, 1.0, 1.0, 1.0, 1.0, 1.0, 1.0]], "node": [[0.0, 1.0, 2.0, 3.0, 4.0, 5.0, 6.0, 7.0, 8.0, 9.0, 10.0, 11.0], [1.0, 1.0, 4.0, 3.0, 3.0, 3.0, 3.0, 3.0, 2.0, 2.0, 3.0, 3.0], [11.0, 7.0, 4.0, 4.0, 4.0, 4.0, 1.0, 8.0, 6.0, 4.0, 8.0, 9.0]]}