{"conn": [[0.0, 1.0, 2.0, 3.0, 4.0, 5.0, 6.0, 7.0, 8.0, 9.0, 10.0, 11.0, 12.0, 13.0, 14.0, 15.0, 16.0, 17.0, 18.0, 19.0, 20.0, 21.0, 22.0, 23.0, 24.0, 25.0, 26.0, 27.0, 28.0], [0.0, 1.0, 0.0, 1.0, 0.0, 1.0, 0.0, 1.0, 0.0, 1.0, 3.0, 4.0, 5.0, 6.0, 7.0, 3.0, 4.0, 5.0, 6.0, 7.0, 2.0, 2.0, 2.0, 2.0, 2.0, 2.0, 2.0, 7.0, 10.0], [3.0, 3.0, 4.0, 4.0, 5.0, 5.0, 6.0, 6.0, 7.0, 7.0, 8.0, 8.0, 8.0, 8.0, 8.0, 9.0, 9.0, 9.0, 9.0, 9.0, 3.0, 4.0, 5.0, 6.0, 7.0, 8.0, 9.0, 10.0, 8.0], [-0.28371065855026245, 0.9368162155151367, -1.005007266998291, 1.4165012836456299, 1.0543301105499268, 0.9108126759529114, -0.42656707763671875, 0.9861879944801331, -0.5575324296951294, 0.015325019136071205, -2.0785679817199707, 0.5548371076583862, 0.9142365455627441, 0.5744596123695374, -0.673166811466217, 0.12106174975633621, -0.32373538613319397, 1.6234997510910034, 0.24500390887260437, -1.3809781074523926, -0.6111236810684204, 0.14037249982357025, 0.8410042524337769, -1.0943578481674194, -1.0775020122528076, -1.1396456956863403, -0.5933380126953125, -0.15576514601707458, -0.38321444392204285], [1.0, 1.0, 1.0, 1.0, 1.0, 1.0, 1.0, 1.0, 1.0, 1.0, 1.0, 1.0, 1.0, 1.0, 1.0, 1.0, 1.0, 1.0, 1.0, 1.0, 1.0, 1.0, 1.0, 1.0, 1.0, 1.0, 1.0, 1.0, 1.0]], "node": [[0.0, 1.0, 2.0, 3.0, 4.0, 5.0, 6.0, 7.0, 8.0, 9.0, 10.0], [1.0, 1.0, 4.0, 3.0, 3.0, 3.0, 3.0, 3.0, 2.0, 2.0, 3.0], [5.0, 7.0, 10.0, 4.0, 10.0, 1.0, 8.0, 8.0, 6.0, 4.0, 9.0]]}