{"conn": [[0.0, 1.0, 2.0, 3.0, 4.0, 5.0, 6.0, 7.0, 8.0, 9.0, 10.0, 11.0, 12.0, 13.0, 14.0, 15.0, 16.0, 17.0, 18.0, 19.0, 20.0, 21.0, 22.0, 23.0, 24.0, 25.0, 26.0, 27.0, 28.0, 29.0, 30.0, 31.0, 32.0, 33.0, 34.0, 35.0, 36.0, 37.0, 38.0, 39.0, 40.0, 41.0, 42.0, 43.0, 44.0], [0.0, 1.0, 0.0, 1.0, 0.0, 1.0, 0.0, 1.0, 0.0, 1.0, 3.0, 4.0, 5.0, 6.0, 7.0, 3.0, 4.0, 5.0, 6.0, 7.0, 2.0, 2.0, 2.0, 2.0, 2.0, 2.0, 2.0, 7.0, 10.0, 1.0, 11.0, 1.0, 12.0, 0.0, 13.0, 1.0, 14.0, 1.0, 15.0, 12.0, 16.0, 1.0, 17.0, 2.0, 18.0], [3.0, 3.0, 4.0, 4.0, 5.0, 5.0, 6.0, 6.0, 7.0, 7.0, 8.0, 8.0, 8.0, 8.0, 8.0, 9.0, 9.0, 9.0, 9.0, 9.0, 3.0, 4.0, 5.0, 6.0, 7.0, 8.0, 9.0, 10.0, 8.0, 11.0, 5.0, 12.0, 3.0, 13.0, 7.0, 14.0, 4.0, 15.0, 11.0, 16.0, 3.0, 17.0, 14.0, 18.0, 7.0], [0.04672937095165253, 1.676902174949646, -0.011838589794933796, 1.0525246858596802, 3.0941436290740967, 0.31187912821769714, 1.5209439992904663, 0.442431777715683, -0.3075985312461853, -1.0928515195846558, 0.6981196999549866, 0.02279254049062729, -0.512254536151886, -1.0363571643829346, 0.496874064207077, -0.4581105709075928, 0.0919419452548027, -2.0526468753814697, -0.27992770075798035, 1.0776113271713257, -1.2336020469665527, 1.9222452640533447, -0.6670969128608704, -0.5104537606239319, 0.6290543675422668, -1.088818907737732, 1.2048081159591675, -0.9333862066268921, -1.336847186088562, 0.8419443368911743, 0.13253428041934967, -0.40253838896751404, 0.14100171625614166, 0.4401893615722656, -1.1427247524261475, 0.30369147658348083, 0.03079407289624214, -0.8595443964004517, -0.2528950870037079, 0.13773609697818756, 0.7519356608390808, 0.17019818723201752, 0.27608034014701843, -1.0582988262176514, -0.1488228440284729], [1.0, 1.0, 1.0, 1.0, 1.0, 1.0, 1.0, 1.0, 1.0, 1.0, 1.0, 1.0, 1.0, 1.0, 1.0, 1.0, 1.0, 1.0, 1.0, 1.0, 1.0, 1.0, 1.0, 1.0, 1.0, 1.0, 1.0, 1.0, 1.0, 1.0, 1.0, 1.0, 1.0, 1.0, 1.0, 1.0, 1.0, 1.0, 1.0, 1.0, 1.0, 1.0, 1.0, 1.0, 1.0]], "node": [[0.0, 1.0, 2.0, 3.0, 4.0, 5.0, 6.0, 7.0, 8.0, 9.0, 10.0, 11.0, 12.0, 13.0, 14.0, 15.0, 16.0, 17.0, 18.0], [1.0, 1.0, 4.0, 3.0, 3.0, 3.0, 3.0, 3.0, 2.0, 2.0, 3.0, 3.0, 3.0, 3.0, 3.0, 3.0, 3.0, 3.0, 3.0], [1.0, 6.0, 11.0, 4.0, 8.0, 8.0, 4.0, 5.0, 6.0, 6.0, 7.0, 1.0, 9.0, 5.0, 4.0, 9.0, 9.0, 11.0, 9.0]]}