{"conn": [[0.0, 1.0, 2.0, 3.0, 4.0, 5.0, 6.0, 7.0, 8.0, 9.0, 10.0, 11.0, 12.0, 13.0, 14.0, 15.0, 16.0, 17.0, 18.0, 19.0, 20.0, 21.0, 22.0, 23.0, 24.0, 25.0, 26.0, 27.0, 28.0, 29.0], [0.0, 1.0, 0.0, 1.0, 2.0, 2.0, 0.0, 5.0, 0.0, 6.0, 0.0, 7.0, 0.0, 8.0, 0.0, 9.0, 0.0, 10.0, 0.0, 11.0, 0.0, 12.0, 0.0, 13.0, 0.0, 14.0, 0.0, 15.0, 0.0, 16.0], [3.0, 3.0, 4.0, 4.0, 3.0, 4.0, 5.0, 4.0, 6.0, 3.0, 7.0, 6.0, 8.0, 6.0, 9.0, 7.0, 10.0, 6.0, 11.0, 9.0, 12.0, 6.0, 13.0, 6.0, 14.0, 6.0, 15.0, 5.0, 16.0, 14.0], [0.20791874825954437, 0.018065553158521652, 0.22533541917800903, -0.2495545744895935, -0.17162759602069855, -0.7301334738731384, -0.6184152960777283, -0.5331496596336365, 0.28960007429122925, -2.0065090656280518, -1.070741057395935, -1.2880873680114746, 0.10762166231870651, 1.1007919311523438, 1.3897351026535034, -0.4472608268260956, 0.04040750861167908, -1.5145076513290405, 1.0005561113357544, -0.9117380380630493, -0.5443612337112427, 0.5787609815597534, -0.6000343561172485, 0.885482907295227, -0.0019983691163361073, 0.20934925973415375, 1.5974974632263184, -0.9200682044029236, 1.0, 1.1174571514129639], [1.0, 1.0, 1.0, 1.0, 1.0, 1.0, 1.0, 1.0, 1.0, 1.0, 1.0, 1.0, 1.0, 1.0, 1.0, 1.0, 1.0, 1.0, 1.0, 1.0, 1.0, 1.0, 1.0, 1.0, 1.0, 1.0, 1.0, 1.0, 1.0, 1.0]], "node": [[0.0, 1.0, 2.0, 3.0, 4.0, 5.0, 6.0, 7.0, 8.0, 9.0, 10.0, 11.0, 12.0, 13.0, 14.0, 15.0, 16.0], [1.0, 1.0, 4.0, 2.0, 2.0, 3.0, 3.0, 3.0, 3.0, 3.0, 3.0, 3.0, 3.0, 3.0, 3.0, 3.0, 3.0], [9.0, 10.0, 8.0, 6.0, 6.0, 7.0, 6.0, 1.0, 1.0, 5.0, 3.0, 6.0, 9.0, 3.0, 9.0, 5.0, 9.0]]}