{"conn": [[0.0, 1.0, 2.0, 3.0, 4.0, 5.0, 6.0, 7.0, 8.0, 9.0, 10.0, 11.0, 12.0, 13.0, 14.0, 15.0, 16.0, 17.0, 18.0, 19.0, 20.0, 21.0, 22.0, 23.0], [0.0, 1.0, 0.0, 1.0, 2.0, 2.0, 0.0, 5.0, 0.0, 6.0, 0.0, 7.0, 0.0, 8.0, 0.0, 9.0, 0.0, 10.0, 0.0, 11.0, 0.0, 12.0, 0.0, 13.0], [3.0, 3.0, 4.0, 4.0, 3.0, 4.0, 5.0, 4.0, 6.0, 3.0, 7.0, 6.0, 8.0, 6.0, 9.0, 7.0, 10.0, 6.0, 11.0, 9.0, 12.0, 6.0, 13.0, 6.0], [-0.3800223767757416, 0.35638806223869324, 0.6933444738388062, -0.20004715025424957, -0.044694818556308746, -1.2999372482299805, 0.3084060549736023, -0.5952852964401245, 0.0, 0.9126668572425842, 1.773154616355896, -0.17456258833408356, -0.5528877973556519, 0.5297844409942627, 0.03803400322794914, -0.34045788645744324, -0.31240952014923096, 0.8702098727226257, -1.1163705587387085, 1.1724598407745361, 2.001051187515259, -0.1456369161605835, 1.0, 0.22606030106544495], [1.0, 1.0, 1.0, 1.0, 1.0, 1.0, 1.0, 1.0, 1.0, 1.0, 1.0, 1.0, 1.0, 1.0, 1.0, 1.0, 1.0, 1.0, 1.0, 1.0, 1.0, 1.0, 1.0, 1.0]], "node": [[0.0, 1.0, 2.0, 3.0, 4.0, 5.0, 6.0, 7.0, 8.0, 9.0, 10.0, 11.0, 12.0, 13.0], [1.0, 1.0, 4.0, 2.0, 2.0, 3.0, 3.0, 3.0, 3.0, 3.0, 3.0, 3.0, 3.0, 3.0], [4.0, 9.0, 7.0, 5.0, 4.0, 5.0, 11.0, 8.0, 8.0, 9.0, 11.0, 4.0, 7.0, 9.0]]}