{"conn": [[0.0, 1.0, 2.0, 3.0, 4.0, 5.0, 6.0, 7.0, 8.0, 9.0, 10.0, 11.0, 12.0, 13.0, 14.0, 15.0, 16.0, 17.0, 18.0, 19.0, 20.0, 21.0, 22.0, 23.0, 24.0, 25.0, 26.0, 27.0, 28.0, 29.0, 30.0, 31.0], [0.0, 1.0, 0.0, 1.0, 2.0, 2.0, 0.0, 5.0, 0.0, 6.0, 0.0, 7.0, 0.0, 8.0, 0.0, 9.0, 0.0, 10.0, 0.0, 11.0, 0.0, 12.0, 0.0, 13.0, 0.0, 14.0, 0.0, 15.0, 0.0, 16.0, 0.0, 17.0], [3.0, 3.0, 4.0, 4.0, 3.0, 4.0, 5.0, 4.0, 6.0, 3.0, 7.0, 6.0, 8.0, 6.0, 9.0, 7.0, 10.0, 6.0, 11.0, 9.0, 12.0, 6.0, 13.0, 6.0, 14.0, 6.0, 15.0, 5.0, 16.0, 14.0, 17.0, 6.0], [0.9902920126914978, -0.3960501253604889, 0.6046889424324036, -1.958650827407837, 1.306883692741394, -0.34887415170669556, 0.7532397508621216, 0.3537601828575134, -0.013282418251037598, -2.00004243850708, -0.6348397731781006, 1.7314456701278687, -0.16019974648952484, -1.1939146518707275, 1.1329469680786133, -0.24558547139167786, -0.26132500171661377, -0.4215608537197113, -0.10284443944692612, 0.17439350485801697, -1.4942227602005005, -1.013005256652832, -1.8222370147705078, -0.8159130811691284, -0.21631614863872528, 0.19729676842689514, -1.473105549812317, 0.5357983708381653, 1.0011028051376343, -1.1602706909179688, 1.0, -2.0], [1.0, 1.0, 1.0, 1.0, 1.0, 1.0, 1.0, 1.0, 1.0, 1.0, 1.0, 1.0, 1.0, 1.0, 1.0, 1.0, 1.0, 1.0, 1.0, 1.0, 1.0, 1.0, 1.0, 1.0, 1.0, 1.0, 1.0, 1.0, 1.0, 1.0, 1.0, 1.0]], "node": [[0.0, 1.0, 2.0, 3.0, 4.0, 5.0, 6.0, 7.0, 8.0, 9.0, 10.0, 11.0, 12.0, 13.0, 14.0, 15.0, 16.0, 17.0], [1.0, 1.0, 4.0, 2.0, 2.0, 3.0, 3.0, 3.0, 3.0, 3.0, 3.0, 3.0, 3.0, 3.0, 3.0, 3.0, 3.0, 3.0], [4.0, 3.0, 1.0, 4.0, 4.0, 4.0, 1.0, 10.0, 6.0, 5.0, 3.0, 9.0, 11.0, 9.0, 11.0, 8.0, 5.0, 9.0]]}