{"conn": [[0.0, 1.0, 2.0, 3.0, 4.0, 5.0, 6.0, 7.0, 8.0, 9.0, 10.0, 11.0, 12.0, 13.0, 14.0, 15.0, 16.0, 17.0, 18.0, 19.0, 20.0, 21.0, 22.0, 23.0, 24.0, 25.0], [0.0, 1.0, 0.0, 1.0, 2.0, 2.0, 0.0, 5.0, 0.0, 6.0, 0.0, 7.0, 0.0, 8.0, 0.0, 9.0, 0.0, 10.0, 0.0, 11.0, 0.0, 12.0, 0.0, 13.0, 0.0, 14.0], [3.0, 3.0, 4.0, 4.0, 3.0, 4.0, 5.0, 4.0, 6.0, 3.0, 7.0, 6.0, 8.0, 6.0, 9.0, 7.0, 10.0, 6.0, 11.0, 9.0, 12.0, 6.0, 13.0, 6.0, 14.0, 6.0], [-0.4044572710990906, 0.17042289674282074, 0.3448270261287689, -0.19131913781166077, -0.06190602108836174, -1.502997636795044, 0.33125874400138855, -0.9017276763916016, -0.0006239282083697617, 0.9126562476158142, 1.7641313076019287, -0.17456258833408356, -0.9314943552017212, 0.5297844409942627, 0.034475404769182205, -0.34045788645744324, -0.4399527609348297, 0.662852942943573, -1.099300742149353, 1.1724598407745361, 1.9999650716781616, -0.1456369161605835, 0.999810516834259, 0.22606030106544495, 1.0, -0.2713310420513153], [1.0, 1.0, 1.0, 1.0, 1.0, 1.0, 1.0, 1.0, 1.0, 1.0, 1.0, 1.0, 1.0, 1.0, 1.0, 1.0, 1.0, 1.0, 1.0, 1.0, 1.0, 1.0, 1.0, 1.0, 1.0, 1.0]], "node": [[0.0, 1.0, 2.0, 3.0, 4.0, 5.0, 6.0, 7.0, 8.0, 9.0, 10.0, 11.0, 12.0, 13.0, 14.0], [1.0, 1.0, 4.0, 2.0, 2.0, 3.0, 3.0, 3.0, 3.0, 3.0, 3.0, 3.0, 3.0, 3.0, 3.0], [11.0, 9.0, 1.0, 8.0, 4.0, 4.0, 9.0, 5.0, 10.0, 7.0, 4.0, 3.0, 6.0, 4.0, 9.0]]}