{"conn": [[0.0, 1.0, 2.0, 3.0, 4.0, 5.0, 6.0, 7.0, 8.0, 9.0, 10.0, 11.0], [0.0, 1.0, 0.0, 1.0, 2.0, 2.0, 0.0, 5.0, 0.0, 6.0, 0.0, 7.0], [3.0, 3.0, 4.0, 4.0, 3.0, 4.0, 5.0, 4.0, 6.0, 3.0, 7.0, 6.0], [-0.010522997938096523, -0.7828996181488037, -0.03115374967455864, 0.5298744440078735, -0.19700060784816742, -0.04947904124855995, 0.6876038312911987, 0.22417312860488892, 0.0002689649991225451, 0.0922267735004425, 1.0016595125198364, 1.0013759136199951], [1.0, 1.0, 1.0, 1.0, 1.0, 1.0, 1.0, 1.0, 1.0, 1.0, 1.0, 1.0]], "node": [[0.0, 1.0, 2.0, 3.0, 4.0, 5.0, 6.0, 7.0], [1.0, 1.0, 4.0, 2.0, 2.0, 3.0, 3.0, 3.0], [10.0, 3.0, 1.0, 6.0, 4.0, 9.0, 6.0, 9.0]]}