{"conn": [[0.0, 1.0, 2.0, 3.0, 4.0, 5.0, 6.0, 7.0, 8.0, 9.0, 10.0, 11.0, 12.0, 13.0, 14.0, 15.0, 16.0, 17.0, 18.0, 19.0, 20.0, 21.0, 22.0, 23.0, 24.0, 25.0, 26.0, 27.0, 28.0, 29.0, 30.0, 31.0, 32.0, 33.0], [0.0, 1.0, 0.0, 1.0, 2.0, 2.0, 0.0, 5.0, 0.0, 6.0, 0.0, 7.0, 0.0, 8.0, 0.0, 9.0, 0.0, 10.0, 0.0, 11.0, 0.0, 12.0, 0.0, 13.0, 0.0, 14.0, 0.0, 15.0, 0.0, 16.0, 0.0, 17.0, 0.0, 18.0], [3.0, 3.0, 4.0, 4.0, 3.0, 4.0, 5.0, 4.0, 6.0, 3.0, 7.0, 6.0, 8.0, 6.0, 9.0, 7.0, 10.0, 6.0, 11.0, 9.0, 12.0, 6.0, 13.0, 6.0, 14.0, 6.0, 15.0, 5.0, 16.0, 14.0, 17.0, 6.0, 18.0, 6.0], [-0.4200531542301178, -0.37742164731025696, 1.6341429948806763, -1.36372709274292, 1.0131264925003052, 0.07288525253534317, -1.1271744966506958, -1.3563023805618286, -0.15889129042625427, -0.06000877171754837, -0.5603336691856384, 0.6355209350585938, 0.03130878508090973, -0.9285610318183899, -0.630488395690918, -0.3542478382587433, 0.010136296041309834, 0.4902448356151581, 0.24135848879814148, 1.9262393712997437, -0.32669833302497864, 2.410933256149292, -0.027011869475245476, -0.35366153717041016, -0.420145183801651, 1.2567713260650635, -2.479992151260376, -0.2346138209104538, 0.6972464919090271, -0.3627806007862091, -1.8716844320297241, 0.6558986306190491, 0.03964536264538765, 0.5862724184989929], [1.0, 1.0, 1.0, 1.0, 1.0, 1.0, 1.0, 1.0, 1.0, 1.0, 1.0, 1.0, 1.0, 1.0, 1.0, 1.0, 1.0, 1.0, 1.0, 1.0, 1.0, 1.0, 1.0, 1.0, 1.0, 1.0, 1.0, 1.0, 1.0, 1.0, 1.0, 1.0, 1.0, 1.0]], "node": [[0.0, 1.0, 2.0, 3.0, 4.0, 5.0, 6.0, 7.0, 8.0, 9.0, 10.0, 11.0, 12.0, 13.0, 14.0, 15.0, 16.0, 17.0, 18.0], [1.0, 1.0, 4.0, 2.0, 2.0, 3.0, 3.0, 3.0, 3.0, 3.0, 3.0, 3.0, 3.0, 3.0, 3.0, 3.0, 3.0, 3.0, 3.0], [4.0, 11.0, 4.0, 6.0, 6.0, 4.0, 11.0, 8.0, 1.0, 10.0, 7.0, 4.0, 7.0, 10.0, 11.0, 11.0, 8.0, 8.0, 9.0]]}