{"conn": [[0.0, 1.0, 2.0, 3.0, 4.0, 5.0, 6.0, 7.0], [0.0, 1.0, 0.0, 1.0, 2.0, 2.0, 0.0, 5.0], [3.0, 3.0, 4.0, 4.0, 3.0, 4.0, 5.0, 4.0], [0.08061501383781433, -0.8195632100105286, -0.0029426708351820707, 0.5445700883865356, 0.07578594237565994, -0.027598269283771515, 0.9823398590087891, 0.2654198706150055], [1.0, 1.0, 1.0, 1.0, 1.0, 1.0, 1.0, 1.0]], "node": [[0.0, 1.0, 2.0, 3.0, 4.0, 5.0], [1.0, 1.0, 4.0, 2.0, 2.0, 3.0], [7.0, 11.0, 7.0, 6.0, 6.0, 9.0]]}