{"conn": [[0.0, 1.0, 2.0, 3.0, 4.0, 5.0, 6.0, 7.0, 8.0, 9.0, 10.0, 11.0, 12.0, 13.0, 14.0, 15.0], [0.0, 1.0, 0.0, 1.0, 2.0, 2.0, 0.0, 5.0, 0.0, 6.0, 0.0, 7.0, 0.0, 8.0, 0.0, 9.0], [3.0, 3.0, 4.0, 4.0, 3.0, 4.0, 5.0, 4.0, 6.0, 3.0, 7.0, 6.0, 8.0, 6.0, 9.0, 7.0], [0.1473979353904724, 0.010255062952637672, 0.8900403380393982, -0.7687858939170837, 0.2875371277332306, -0.1656397581100464, -0.7764331102371216, -1.0981696844100952, -1.313775897026062, 1.5912458896636963, -0.1530713438987732, 0.4109790623188019, 1.0429927110671997, -1.0997282266616821, -0.008579878136515617, 0.9432017803192139], [1.0, 1.0, 1.0, 1.0, 1.0, 1.0, 1.0, 1.0, 1.0, 1.0, 1.0, 1.0, 1.0, 1.0, 1.0, 1.0]], "node": [[0.0, 1.0, 2.0, 3.0, 4.0, 5.0, 6.0, 7.0, 8.0, 9.0], [1.0, 1.0, 4.0, 2.0, 2.0, 3.0, 3.0, 3.0, 3.0, 3.0], [6.0, 1.0, 11.0, 6.0, 4.0, 10.0, 3.0, 3.0, 7.0, 9.0]]}