{"conn": [[0.0, 1.0, 2.0, 3.0, 4.0, 5.0, 6.0, 7.0, 8.0, 9.0, 10.0, 11.0, 12.0, 13.0], [0.0, 1.0, 0.0, 1.0, 2.0, 2.0, 0.0, 5.0, 0.0, 6.0, 0.0, 7.0, 0.0, 8.0], [3.0, 3.0, 4.0, 4.0, 3.0, 4.0, 5.0, 4.0, 6.0, 3.0, 7.0, 6.0, 8.0, 6.0], [-0.012394429184496403, -0.9757223725318909, -0.03831017389893532, 0.5780426859855652, -0.2156633734703064, -0.04350414127111435, 0.6862207651138306, -0.18500827252864838, -0.000375771545805037, -0.1150706559419632, 0.8658734560012817, 1.0013759136199951, 0.9982917308807373, 0.0002689649991225451], [1.0, 1.0, 1.0, 1.0, 1.0, 1.0, 1.0, 1.0, 1.0, 1.0, 1.0, 1.0, 1.0, 1.0]], "node": [[0.0, 1.0, 2.0, 3.0, 4.0, 5.0, 6.0, 7.0, 8.0], [1.0, 1.0, 4.0, 2.0, 2.0, 3.0, 3.0, 3.0, 3.0], [10.0, 1.0, 7.0, 6.0, 4.0, 5.0, 6.0, 8.0, 9.0]]}