{"conn": [[0.0, 1.0, 2.0, 3.0, 4.0, 5.0, 6.0, 7.0, 8.0, 9.0, 10.0, 11.0, 12.0, 13.0, 14.0, 15.0, 16.0, 17.0, 18.0, 19.0, 20.0, 21.0], [0.0, 1.0, 0.0, 1.0, 2.0, 2.0, 0.0, 5.0, 0.0, 6.0, 0.0, 7.0, 0.0, 8.0, 0.0, 9.0, 0.0, 10.0, 0.0, 11.0, 0.0, 12.0], [3.0, 3.0, 4.0, 4.0, 3.0, 4.0, 5.0, 4.0, 6.0, 3.0, 7.0, 6.0, 8.0, 6.0, 9.0, 7.0, 10.0, 6.0, 11.0, 9.0, 12.0, 6.0], [-0.07414601743221283, 0.6180976033210754, 0.6648702621459961, -0.26767826080322266, -0.044123806059360504, -1.3522626161575317, 0.30619174242019653, -0.5997694730758667, 0.22606030106544495, 1.435218095779419, 1.907543659210205, 0.18433015048503876, -0.31523120403289795, 0.5297844409942627, 0.03815634921193123, -0.34045788645744324, -0.31244516372680664, 0.8702098727226257, -0.7811669707298279, 1.1724598407745361, 2.3920445442199707, -0.1456369161605835], [1.0, 1.0, 1.0, 1.0, 1.0, 1.0, 1.0, 1.0, 1.0, 1.0, 1.0, 1.0, 1.0, 1.0, 1.0, 1.0, 1.0, 1.0, 1.0, 1.0, 1.0, 1.0]], "node": [[0.0, 1.0, 2.0, 3.0, 4.0, 5.0, 6.0, 7.0, 8.0, 9.0, 10.0, 11.0, 12.0], [1.0, 1.0, 4.0, 2.0, 2.0, 3.0, 3.0, 3.0, 3.0, 3.0, 3.0, 3.0, 3.0], [3.0, 3.0, 7.0, 6.0, 4.0, 1.0, 3.0, 7.0, 8.0, 10.0, 10.0, 1.0, 9.0]]}