{"conn": [[0.0, 1.0, 2.0, 3.0, 4.0, 5.0, 6.0, 7.0, 8.0, 9.0, 10.0, 11.0, 12.0, 13.0, 14.0, 15.0, 16.0, 17.0, 18.0, 19.0], [0.0, 1.0, 0.0, 1.0, 2.0, 2.0, 0.0, 5.0, 0.0, 6.0, 0.0, 7.0, 0.0, 8.0, 0.0, 9.0, 0.0, 10.0, 0.0, 11.0], [3.0, 3.0, 4.0, 4.0, 3.0, 4.0, 5.0, 4.0, 6.0, 3.0, 7.0, 6.0, 8.0, 6.0, 9.0, 7.0, 10.0, 6.0, 11.0, 9.0], [-0.24639195203781128, 0.008006412535905838, 0.5429797172546387, -0.7200798392295837, -0.26021307706832886, -0.3928349018096924, -0.7032119631767273, -1.069661021232605, -0.07705672830343246, 1.1642098426818848, 0.11322711408138275, 0.4109790623188019, 1.0128600597381592, -1.324417233467102, 0.04580657184123993, 0.9432017803192139, 0.3138558268547058, -1.695499300956726, 0.6609539985656738, -0.28450778126716614], [1.0, 1.0, 1.0, 1.0, 1.0, 1.0, 1.0, 1.0, 1.0, 1.0, 1.0, 1.0, 1.0, 1.0, 1.0, 1.0, 1.0, 1.0, 1.0, 1.0]], "node": [[0.0, 1.0, 2.0, 3.0, 4.0, 5.0, 6.0, 7.0, 8.0, 9.0, 10.0, 11.0], [1.0, 1.0, 4.0, 2.0, 2.0, 3.0, 3.0, 3.0, 3.0, 3.0, 3.0, 3.0], [9.0, 10.0, 1.0, 8.0, 4.0, 11.0, 8.0, 1.0, 1.0, 3.0, 3.0, 9.0]]}