{"conn": [[0.0, 1.0, 2.0, 3.0, 4.0, 5.0, 6.0, 7.0, 8.0, 9.0, 10.0, 11.0, 12.0, 13.0, 14.0, 15.0, 16.0, 17.0, 18.0, 19.0, 20.0, 21.0, 22.0, 23.0, 24.0, 25.0, 26.0, 27.0], [0.0, 1.0, 0.0, 1.0, 2.0, 2.0, 0.0, 5.0, 0.0, 6.0, 0.0, 7.0, 0.0, 8.0, 0.0, 9.0, 0.0, 10.0, 0.0, 11.0, 0.0, 12.0, 0.0, 13.0, 0.0, 14.0, 0.0, 15.0], [3.0, 3.0, 4.0, 4.0, 3.0, 4.0, 5.0, 4.0, 6.0, 3.0, 7.0, 6.0, 8.0, 6.0, 9.0, 7.0, 10.0, 6.0, 11.0, 9.0, 12.0, 6.0, 13.0, 6.0, 14.0, 6.0, 15.0, 5.0], [0.22182504832744598, 0.03654837980866432, 0.18443424999713898, 0.10660812258720398, -0.16051144897937775, -0.6112796068191528, -0.6560643911361694, -0.06661619246006012, 0.2835219204425812, -1.9805572032928467, -1.0725626945495605, -1.2880873680114746, 0.2815555930137634, 1.1007919311523438, 1.3903913497924805, -0.4472608268260956, 0.37345749139785767, -1.5145076513290405, 1.0009640455245972, -0.9117380380630493, -0.5393306016921997, 0.5787609815597534, -0.6000343561172485, 0.885482907295227, 1.1174571514129639, 0.4343644976615906, 1.5953370332717896, -0.9200682044029236], [1.0, 1.0, 1.0, 1.0, 1.0, 1.0, 1.0, 1.0, 1.0, 1.0, 1.0, 1.0, 1.0, 1.0, 1.0, 1.0, 1.0, 1.0, 1.0, 1.0, 1.0, 1.0, 1.0, 1.0, 1.0, 1.0, 1.0, 1.0]], "node": [[0.0, 1.0, 2.0, 3.0, 4.0, 5.0, 6.0, 7.0, 8.0, 9.0, 10.0, 11.0, 12.0, 13.0, 14.0, 15.0], [1.0, 1.0, 4.0, 2.0, 2.0, 3.0, 3.0, 3.0, 3.0, 3.0, 3.0, 3.0, 3.0, 3.0, 3.0, 3.0], [9.0, 7.0, 1.0, 6.0, 6.0, 8.0, 1.0, 1.0, 10.0, 11.0, 6.0, 8.0, 11.0, 1.0, 8.0, 9.0]]}