{"conn": [[0.0, 1.0, 2.0, 3.0, 4.0, 5.0, 6.0, 7.0], [0.0, 1.0, 0.0, 1.0, 2.0, 2.0, 0.0, 5.0], [3.0, 3.0, 4.0, 4.0, 3.0, 4.0, 5.0, 4.0], [0.08815014362335205, -0.85966557264328, -0.0020836112089455128, 0.5857002139091492, 0.09876678884029388, -0.04248214513063431, 0.9910224080085754, 0.29592326283454895], [1.0, 1.0, 1.0, 1.0, 1.0, 1.0, 1.0, 1.0]], "node": [[0.0, 1.0, 2.0, 3.0, 4.0, 5.0], [1.0, 1.0, 4.0, 2.0, 2.0, 3.0], [7.0, 11.0, 7.0, 6.0, 6.0, 9.0]]}