{"conn": [[0.0, 1.0, 2.0, 3.0, 4.0, 5.0, 6.0, 7.0, 8.0, 9.0, 10.0, 11.0, 12.0, 13.0, 14.0, 15.0, 16.0, 17.0], [0.0, 1.0, 0.0, 1.0, 2.0, 2.0, 0.0, 5.0, 0.0, 6.0, 0.0, 7.0, 0.0, 8.0, 0.0, 9.0, 0.0, 10.0], [3.0, 3.0, 4.0, 4.0, 3.0, 4.0, 5.0, 4.0, 6.0, 3.0, 7.0, 6.0, 8.0, 6.0, 9.0, 7.0, 10.0, 6.0], [0.18451595306396484, -0.004728709813207388, 0.8983587622642517, -0.7474696636199951, 0.21233798563480377, -0.3069697916507721, -0.7673232555389404, -1.0917472839355469, 0.04920458048582077, 1.5903838872909546, -0.1603504717350006, 0.4109790623188019, 0.9993731379508972, -1.324417233467102, -0.34948650002479553, 0.9432017803192139, 1.0296679735183716, -1.4702726602554321], [1.0, 1.0, 1.0, 1.0, 1.0, 1.0, 1.0, 1.0, 1.0, 1.0, 1.0, 1.0, 1.0, 1.0, 1.0, 1.0, 1.0, 1.0]], "node": [[0.0, 1.0, 2.0, 3.0, 4.0, 5.0, 6.0, 7.0, 8.0, 9.0, 10.0], [1.0, 1.0, 4.0, 2.0, 2.0, 3.0, 3.0, 3.0, 3.0, 3.0, 3.0], [4.0, 7.0, 7.0, 5.0, 4.0, 7.0, 8.0, 9.0, 1.0, 4.0, 9.0]]}