{"conn": [[0.0, 1.0, 2.0, 3.0, 4.0, 5.0, 6.0, 7.0], [0.0, 1.0, 0.0, 1.0, 2.0, 2.0, 0.0, 5.0], [3.0, 3.0, 4.0, 4.0, 3.0, 4.0, 5.0, 4.0], [2.0627858638763428, -0.37567901611328125, 0.3945615291595459, 1.9902081489562988, -0.2615286111831665, 0.0048469239845871925, -0.6444835662841797, 0.14846478402614594], [1.0, 1.0, 1.0, 1.0, 1.0, 1.0, 1.0, 1.0]], "node": [[0.0, 1.0, 2.0, 3.0, 4.0, 5.0], [1.0, 1.0, 4.0, 2.0, 2.0, 3.0], [10.0, 3.0, 7.0, 6.0, 4.0, 9.0]]}