{"conn": [[0.0, 1.0, 2.0, 3.0, 4.0, 5.0, 6.0, 7.0, 8.0, 9.0, 10.0, 11.0, 12.0, 13.0, 14.0, 15.0, 16.0, 17.0, 18.0, 19.0, 20.0, 21.0, 22.0, 23.0, 24.0, 25.0, 26.0, 27.0], [0.0, 1.0, 0.0, 1.0, 2.0, 2.0, 0.0, 5.0, 2.0, 6.0, 0.0, 2.0, 7.0, 5.0, 7.0, 0.0, 8.0, 7.0, 9.0, 1.0, 10.0, 7.0, 0.0, 11.0, 7.0, 12.0, 4.0, 5.0], [3.0, 3.0, 4.0, 4.0, 3.0, 4.0, 5.0, 4.0, 6.0, 3.0, 6.0, 7.0, 3.0, 3.0, 4.0, 8.0, 6.0, 9.0, 4.0, 10.0, 3.0, 8.0, 11.0, 4.0, 12.0, 4.0, 3.0, 12.0], [-1.7808094024658203, 1.3429566621780396, 0.4029647707939148, -0.012105094268918037, -1.4245820045471191, -0.1368197351694107, 0.47807666659355164, -0.3668067753314972, -0.5591098666191101, 0.5597307085990906, 0.6621962189674377, -0.14510074257850647, -0.038590289652347565, 0.04276763275265694, -1.5910134315490723, -0.8690357208251953, -0.2760922610759735, -0.44796022772789, -0.18025320768356323, -0.415823757648468, -1.2605751752853394, 0.30766555666923523, -1.1679139137268066, 0.5430342555046082, 1.7664002180099487, -0.9842343330383301, 1.3377814292907715, -1.0298216342926025], [1.0, 1.0, 1.0, 1.0, 1.0, 1.0, 1.0, 1.0, 1.0, 1.0, 1.0, 1.0, 1.0, 1.0, 1.0, 1.0, 1.0, 1.0, 1.0, 1.0, 1.0, 1.0, 1.0, 1.0, 1.0, 1.0, 1.0, 1.0]], "node": [[0.0, 1.0, 2.0, 3.0, 4.0, 5.0, 6.0, 7.0, 8.0, 9.0, 10.0, 11.0, 12.0], [1.0, 1.0, 4.0, 2.0, 2.0, 3.0, 3.0, 3.0, 3.0, 3.0, 3.0, 3.0, 3.0], [9.0, 11.0, 11.0, 6.0, 4.0, 1.0, 5.0, 4.0, 10.0, 1.0, 1.0, 6.0, 7.0]]}