{"conn": [[0.0, 1.0, 2.0, 3.0, 4.0, 5.0, 6.0, 7.0], [0.0, 1.0, 0.0, 1.0, 2.0, 2.0, 0.0, 5.0], [3.0, 3.0, 4.0, 4.0, 3.0, 4.0, 5.0, 4.0], [0.06922426074743271, -0.7864910364151001, -0.04220760613679886, 0.6399211883544922, 0.04848673939704895, -0.08300893753767014, 0.9929741024971008, 0.30238932371139526], [1.0, 1.0, 1.0, 1.0, 1.0, 1.0, 1.0, 1.0]], "node": [[0.0, 1.0, 2.0, 3.0, 4.0, 5.0], [1.0, 1.0, 4.0, 2.0, 2.0, 3.0], [3.0, 8.0, 7.0, 6.0, 4.0, 9.0]]}