{"conn": [[0.0, 1.0, 2.0, 3.0, 4.0, 5.0, 6.0, 7.0], [0.0, 1.0, 0.0, 1.0, 2.0, 2.0, 0.0, 5.0], [3.0, 3.0, 4.0, 4.0, 3.0, 4.0, 5.0, 4.0], [0.0856809988617897, -0.8626648187637329, -0.01580059342086315, 0.6307697296142578, 0.09677238762378693, -0.06765033304691315, 0.9971407651901245, 0.31579628586769104], [1.0, 1.0, 1.0, 1.0, 1.0, 1.0, 1.0, 1.0]], "node": [[0.0, 1.0, 2.0, 3.0, 4.0, 5.0], [1.0, 1.0, 4.0, 2.0, 2.0, 3.0], [11.0, 8.0, 8.0, 6.0, 4.0, 9.0]]}