{"conn": [[0.0, 1.0, 2.0, 3.0, 4.0, 5.0, 6.0, 7.0, 8.0, 9.0, 10.0, 11.0, 12.0, 13.0, 14.0, 15.0, 16.0, 17.0, 18.0], [0.0, 1.0, 0.0, 1.0, 2.0, 2.0, 0.0, 5.0, 2.0, 6.0, 0.0, 2.0, 7.0, 5.0, 7.0, 0.0, 8.0, 7.0, 9.0], [3.0, 3.0, 4.0, 4.0, 3.0, 4.0, 5.0, 4.0, 6.0, 3.0, 6.0, 7.0, 3.0, 3.0, 4.0, 8.0, 6.0, 9.0, 4.0], [-0.5884990692138672, -0.9227184057235718, -1.1731970310211182, -1.1823704242706299, -0.8165057301521301, -0.4991311728954315, -1.726942539215088, -0.26702436804771423, -0.11902450770139694, 0.8966048955917358, -0.42326146364212036, 0.3896862268447876, -0.16767394542694092, 0.8325870037078857, 0.01895502582192421, 0.8868333101272583, -1.4854037761688232, 0.9953849911689758, 1.0041779279708862], [1.0, 1.0, 1.0, 1.0, 1.0, 1.0, 1.0, 1.0, 1.0, 1.0, 1.0, 1.0, 1.0, 1.0, 1.0, 1.0, 1.0, 1.0, 1.0]], "node": [[0.0, 1.0, 2.0, 3.0, 4.0, 5.0, 6.0, 7.0, 8.0, 9.0], [1.0, 1.0, 4.0, 2.0, 2.0, 3.0, 3.0, 3.0, 3.0, 3.0], [7.0, 3.0, 5.0, 6.0, 4.0, 6.0, 11.0, 6.0, 1.0, 11.0]]}