{"conn": [[0.0, 1.0, 2.0, 3.0, 4.0, 5.0, 6.0, 7.0], [0.0, 1.0, 0.0, 1.0, 2.0, 2.0, 0.0, 5.0], [3.0, 3.0, 4.0, 4.0, 3.0, 4.0, 5.0, 4.0], [0.07741518318653107, -0.8253729939460754, -0.027989305555820465, 0.634895384311676, 0.07204040884971619, -0.07609346508979797, 0.9949825406074524, 0.3089161515235901], [1.0, 1.0, 1.0, 1.0, 1.0, 1.0, 1.0, 1.0]], "node": [[0.0, 1.0, 2.0, 3.0, 4.0, 5.0], [1.0, 1.0, 4.0, 2.0, 2.0, 3.0], [11.0, 8.0, 8.0, 6.0, 4.0, 9.0]]}