{"conn": [[0.0, 1.0, 2.0, 3.0, 4.0, 5.0, 6.0, 7.0, 8.0, 9.0, 10.0, 11.0, 12.0, 13.0, 14.0, 15.0, 16.0, 17.0, 18.0, 19.0, 20.0], [0.0, 1.0, 0.0, 1.0, 2.0, 2.0, 0.0, 5.0, 2.0, 6.0, 0.0, 2.0, 7.0, 5.0, 7.0, 0.0, 8.0, 7.0, 9.0, 1.0, 10.0], [3.0, 3.0, 4.0, 4.0, 3.0, 4.0, 5.0, 4.0, 6.0, 3.0, 6.0, 7.0, 3.0, 3.0, 4.0, 8.0, 6.0, 9.0, 4.0, 10.0, 3.0], [0.251652330160141, 0.16603556275367737, -0.15105947852134705, 1.4488303661346436, -0.08113399893045425, -1.3972357511520386, -0.7247436046600342, 0.5156168937683105, -0.9115705490112305, -1.0287622213363647, -0.6054777503013611, 1.364340901374817, -0.2385403960943222, 0.3435824513435364, 0.24510511755943298, -1.1209803819656372, 0.9769918322563171, -0.9283671975135803, -0.03348127007484436, 0.8138974905014038, 0.4301215708255768], [1.0, 1.0, 1.0, 1.0, 1.0, 1.0, 1.0, 1.0, 1.0, 1.0, 1.0, 1.0, 1.0, 1.0, 1.0, 1.0, 1.0, 1.0, 1.0, 1.0, 1.0]], "node": [[0.0, 1.0, 2.0, 3.0, 4.0, 5.0, 6.0, 7.0, 8.0, 9.0, 10.0], [1.0, 1.0, 4.0, 2.0, 2.0, 3.0, 3.0, 3.0, 3.0, 3.0, 3.0], [1.0, 7.0, 1.0, 6.0, 6.0, 4.0, 4.0, 5.0, 1.0, 9.0, 9.0]]}