{"conn": [[0.0, 1.0, 2.0, 3.0, 4.0, 5.0, 6.0, 7.0, 8.0, 9.0, 10.0, 11.0, 12.0, 13.0, 14.0, 15.0, 16.0, 17.0, 18.0, 19.0, 20.0], [0.0, 1.0, 0.0, 1.0, 2.0, 2.0, 0.0, 5.0, 2.0, 6.0, 0.0, 2.0, 7.0, 5.0, 7.0, 0.0, 8.0, 7.0, 9.0, 1.0, 10.0], [3.0, 3.0, 4.0, 4.0, 3.0, 4.0, 5.0, 4.0, 6.0, 3.0, 6.0, 7.0, 3.0, 3.0, 4.0, 8.0, 6.0, 9.0, 4.0, 10.0, 3.0], [-0.521217942237854, -2.1147022247314453, -1.425747036933899, 0.20583844184875488, -0.4437740445137024, -0.7804101705551147, 0.3720684051513672, 1.2548993825912476, 0.3160124123096466, -1.5176584720611572, -2.247356653213501, -0.00023435927869286388, -0.6762334108352661, 1.5049763917922974, -0.21589525043964386, 1.3316653966903687, -0.1498456746339798, -0.5710867643356323, -0.452859491109848, -0.8497703671455383, -0.6750591397285461], [1.0, 1.0, 1.0, 1.0, 1.0, 1.0, 1.0, 1.0, 1.0, 1.0, 1.0, 1.0, 1.0, 1.0, 1.0, 1.0, 1.0, 1.0, 1.0, 1.0, 1.0]], "node": [[0.0, 1.0, 2.0, 3.0, 4.0, 5.0, 6.0, 7.0, 8.0, 9.0, 10.0], [1.0, 1.0, 4.0, 2.0, 2.0, 3.0, 3.0, 3.0, 3.0, 3.0, 3.0], [3.0, 11.0, 6.0, 6.0, 4.0, 7.0, 4.0, 3.0, 5.0, 10.0, 4.0]]}