{"conn": [[0.0, 1.0, 2.0, 3.0, 4.0, 5.0, 6.0, 7.0, 8.0, 9.0, 10.0, 11.0, 12.0, 13.0, 14.0, 15.0, 16.0, 17.0, 18.0, 19.0, 20.0, 21.0, 22.0, 23.0, 24.0, 25.0, 26.0, 27.0, 28.0, 29.0], [0.0, 1.0, 0.0, 1.0, 2.0, 2.0, 0.0, 5.0, 2.0, 6.0, 0.0, 2.0, 7.0, 5.0, 7.0, 0.0, 8.0, 7.0, 9.0, 1.0, 10.0, 7.0, 0.0, 11.0, 7.0, 12.0, 4.0, 5.0, 8.0, 13.0], [3.0, 3.0, 4.0, 4.0, 3.0, 4.0, 5.0, 4.0, 6.0, 3.0, 6.0, 7.0, 3.0, 3.0, 4.0, 8.0, 6.0, 9.0, 4.0, 10.0, 3.0, 8.0, 11.0, 4.0, 12.0, 4.0, 3.0, 12.0, 13.0, 6.0], [0.565785825252533, 0.6266878247261047, -0.16411122679710388, -0.251569539308548, 0.2875024974346161, 0.6839395761489868, 0.8559547066688538, -0.9840507507324219, 1.1569640636444092, -0.8365897536277771, 1.412899374961853, 0.6282265782356262, -1.3923364877700806, 0.8940274715423584, -0.09766533225774765, 0.044905856251716614, -1.0023193359375, 0.3620300889015198, 1.4321260452270508, -1.1413650512695312, -0.19589295983314514, 1.6658822298049927, 0.1461157351732254, 0.7661690711975098, -0.6700450778007507, 0.554537832736969, -0.5911010503768921, -0.12123767286539078, 0.43251994252204895, -0.42375320196151733], [1.0, 1.0, 1.0, 1.0, 1.0, 1.0, 1.0, 1.0, 1.0, 1.0, 1.0, 1.0, 1.0, 1.0, 1.0, 1.0, 1.0, 1.0, 1.0, 1.0, 1.0, 1.0, 1.0, 1.0, 1.0, 1.0, 1.0, 1.0, 1.0, 1.0]], "node": [[0.0, 1.0, 2.0, 3.0, 4.0, 5.0, 6.0, 7.0, 8.0, 9.0, 10.0, 11.0, 12.0, 13.0], [1.0, 1.0, 4.0, 2.0, 2.0, 3.0, 3.0, 3.0, 3.0, 3.0, 3.0, 3.0, 3.0, 3.0], [9.0, 10.0, 6.0, 6.0, 4.0, 10.0, 7.0, 11.0, 11.0, 7.0, 5.0, 11.0, 11.0, 9.0]]}