{"conn": [[0.0, 1.0, 2.0, 3.0, 4.0, 5.0, 6.0, 7.0, 8.0, 9.0, 10.0, 11.0, 12.0, 13.0, 14.0, 15.0, 16.0, 17.0, 18.0], [0.0, 1.0, 0.0, 1.0, 2.0, 2.0, 0.0, 5.0, 2.0, 6.0, 0.0, 2.0, 7.0, 5.0, 7.0, 0.0, 8.0, 7.0, 9.0], [3.0, 3.0, 4.0, 4.0, 3.0, 4.0, 5.0, 4.0, 6.0, 3.0, 6.0, 7.0, 3.0, 3.0, 4.0, 8.0, 6.0, 9.0, 4.0], [-0.616338312625885, -0.9477604031562805, -1.1854798793792725, -1.2352384328842163, -0.7952943444252014, -0.5082671046257019, -1.7273139953613281, -0.26824814081192017, -0.09360441565513611, 0.879384458065033, -0.3224368989467621, 0.3932289779186249, -0.15804393589496613, 0.8473904728889465, 0.011334815062582493, 0.8745257258415222, -1.4854037761688232, 1.0097880363464355, 1.0020220279693604], [1.0, 1.0, 1.0, 1.0, 1.0, 1.0, 1.0, 1.0, 1.0, 1.0, 1.0, 1.0, 1.0, 1.0, 1.0, 1.0, 1.0, 1.0, 1.0]], "node": [[0.0, 1.0, 2.0, 3.0, 4.0, 5.0, 6.0, 7.0, 8.0, 9.0], [1.0, 1.0, 4.0, 2.0, 2.0, 3.0, 3.0, 3.0, 3.0, 3.0], [7.0, 3.0, 5.0, 6.0, 4.0, 6.0, 11.0, 6.0, 1.0, 11.0]]}