{"conn": [[0.0, 1.0, 2.0, 3.0, 4.0, 5.0, 6.0, 7.0], [0.0, 1.0, 0.0, 1.0, 2.0, 2.0, 0.0, 5.0], [3.0, 3.0, 4.0, 4.0, 3.0, 4.0, 5.0, 4.0], [0.062134187668561935, -0.7455558776855469, -0.052860915660858154, 0.6433191299438477, 0.025408195331692696, -0.0894361287355423, 0.9916207790374756, 0.2979174554347992], [1.0, 1.0, 1.0, 1.0, 1.0, 1.0, 1.0, 1.0]], "node": [[0.0, 1.0, 2.0, 3.0, 4.0, 5.0], [1.0, 1.0, 4.0, 2.0, 2.0, 3.0], [3.0, 8.0, 7.0, 6.0, 4.0, 9.0]]}