{"conn": [[0.0, 1.0, 2.0, 3.0, 4.0, 5.0, 6.0, 7.0, 8.0, 9.0, 10.0, 11.0, 12.0, 13.0, 14.0, 15.0, 16.0, 17.0, 18.0, 19.0, 20.0, 21.0, 22.0, 23.0, 24.0, 25.0, 26.0, 27.0, 28.0, 29.0, 30.0, 31.0], [0.0, 1.0, 0.0, 1.0, 2.0, 2.0, 0.0, 5.0, 2.0, 6.0, 0.0, 2.0, 7.0, 5.0, 7.0, 0.0, 8.0, 7.0, 9.0, 1.0, 10.0, 7.0, 0.0, 11.0, 7.0, 12.0, 4.0, 5.0, 0.0, 13.0, 10.0, 14.0], [3.0, 3.0, 4.0, 4.0, 3.0, 4.0, 5.0, 4.0, 6.0, 3.0, 6.0, 7.0, 3.0, 3.0, 4.0, 8.0, 6.0, 9.0, 4.0, 10.0, 3.0, 8.0, 11.0, 4.0, 12.0, 4.0, 3.0, 12.0, 13.0, 6.0, 14.0, 3.0], [-1.0608949661254883, -0.11328894644975662, -1.3698203563690186, -0.3672531247138977, -0.7163207530975342, -1.7769765853881836, -1.9092072248458862, 0.5013113617897034, -1.8671190738677979, -1.8969799280166626, -0.01080804318189621, -1.918601155281067, -0.11133913695812225, -1.9427868127822876, -0.6296413540840149, -1.9442113637924194, -1.1694953441619873, -0.6500978469848633, -1.5710241794586182, -0.16139420866966248, -0.000325511209666729, -0.15248960256576538, -1.1866309642791748, 1.2709981203079224, 0.5801944136619568, -0.5306252837181091, 0.7655198574066162, 0.6460972428321838, 1.0020207166671753, 0.34964895248413086, 0.9783954620361328, -1.7428464889526367], [1.0, 1.0, 1.0, 1.0, 1.0, 1.0, 1.0, 1.0, 1.0, 1.0, 1.0, 1.0, 1.0, 1.0, 1.0, 1.0, 1.0, 1.0, 1.0, 1.0, 1.0, 1.0, 1.0, 1.0, 1.0, 1.0, 1.0, 1.0, 1.0, 1.0, 1.0, 1.0]], "node": [[0.0, 1.0, 2.0, 3.0, 4.0, 5.0, 6.0, 7.0, 8.0, 9.0, 10.0, 11.0, 12.0, 13.0, 14.0], [1.0, 1.0, 4.0, 2.0, 2.0, 3.0, 3.0, 3.0, 3.0, 3.0, 3.0, 3.0, 3.0, 3.0, 3.0], [11.0, 4.0, 1.0, 6.0, 4.0, 4.0, 8.0, 10.0, 11.0, 9.0, 6.0, 1.0, 3.0, 8.0, 10.0]]}