{"conn": [[0.0, 1.0, 2.0, 3.0, 4.0, 5.0, 6.0, 7.0, 8.0, 9.0, 10.0, 11.0, 12.0, 13.0, 14.0, 15.0, 16.0, 17.0, 18.0, 19.0, 20.0, 21.0, 22.0, 23.0, 24.0, 25.0, 26.0, 27.0, 28.0, 29.0, 30.0, 31.0, 32.0, 33.0, 34.0, 35.0, 36.0, 37.0, 38.0, 39.0, 40.0, 41.0, 42.0, 43.0, 44.0, 45.0, 46.0, 47.0, 48.0, 49.0], [0.0, 1.0, 0.0, 1.0, 2.0, 2.0, 0.0, 5.0, 2.0, 6.0, 0.0, 2.0, 7.0, 5.0, 7.0, 0.0, 8.0, 7.0, 9.0, 1.0, 10.0, 7.0, 0.0, 11.0, 7.0, 12.0, 4.0, 5.0, 0.0, 13.0, 10.0, 14.0, 2.0, 15.0, 0.0, 16.0, 4.0, 17.0, 9.0, 16.0, 18.0, 14.0, 7.0, 19.0, 11.0, 14.0, 20.0, 9.0, 0.0, 21.0], [3.0, 3.0, 4.0, 4.0, 3.0, 4.0, 5.0, 4.0, 6.0, 3.0, 6.0, 7.0, 3.0, 3.0, 4.0, 8.0, 6.0, 9.0, 4.0, 10.0, 3.0, 8.0, 11.0, 4.0, 12.0, 4.0, 3.0, 12.0, 13.0, 6.0, 14.0, 3.0, 15.0, 6.0, 16.0, 4.0, 17.0, 3.0, 17.0, 18.0, 4.0, 4.0, 19.0, 4.0, 3.0, 20.0, 3.0, 15.0, 21.0, 4.0], [-1.9947925806045532, -1.4386494159698486, -0.005331401247531176, -1.4767805337905884, -1.9919562339782715, -1.9934760332107544, -2.018235921859741, -0.8542131185531616, -1.7075618505477905, -2.00482439994812, -1.4773433208465576, -2.0188651084899902, -1.9959067106246948, -2.0104610919952393, -0.3293416500091553, -1.9965158700942993, -2.0, -1.680356740951538, -1.9927295446395874, -1.946228265762329, -1.9486231803894043, -1.7817338705062866, -1.999500036239624, -0.4018876850605011, -0.34385645389556885, -1.4342190027236938, -1.335582971572876, -0.6720188856124878, 0.2277090698480606, -1.5085859298706055, -0.2880365550518036, -0.35524412989616394, -0.6018733978271484, -2.0, -0.5874539017677307, -0.6392110586166382, 0.3539107143878937, 0.5709173083305359, 0.7908341884613037, 0.45460274815559387, -2.0034828186035156, 0.06855785846710205, 0.1642896682024002, -1.6454721689224243, 0.6525435447692871, 1.0037424564361572, -1.999435305595398, 1.0095727443695068, 1.004531979560852, -0.6348856091499329], [1.0, 1.0, 1.0, 1.0, 1.0, 1.0, 1.0, 1.0, 1.0, 1.0, 1.0, 1.0, 1.0, 1.0, 1.0, 1.0, 1.0, 1.0, 1.0, 1.0, 1.0, 1.0, 1.0, 1.0, 1.0, 1.0, 1.0, 1.0, 1.0, 1.0, 1.0, 1.0, 1.0, 1.0, 1.0, 1.0, 1.0, 1.0, 1.0, 1.0, 1.0, 1.0, 1.0, 1.0, 1.0, 1.0, 1.0, 1.0, 1.0, 1.0]], "node": [[0.0, 1.0, 2.0, 3.0, 4.0, 5.0, 6.0, 7.0, 8.0, 9.0, 10.0, 11.0, 12.0, 13.0, 14.0, 15.0, 16.0, 17.0, 18.0, 19.0, 20.0, 21.0], [1.0, 1.0, 4.0, 2.0, 2.0, 3.0, 3.0, 3.0, 3.0, 3.0, 3.0, 3.0, 3.0, 3.0, 3.0, 3.0, 3.0, 3.0, 3.0, 3.0, 3.0, 3.0], [3.0, 11.0, 1.0, 5.0, 6.0, 1.0, 5.0, 10.0, 9.0, 1.0, 11.0, 6.0, 9.0, 7.0, 3.0, 10.0, 1.0, 1.0, 1.0, 11.0, 9.0, 9.0]]}