{"conn": [[0.0, 1.0, 2.0, 3.0, 4.0, 5.0, 6.0, 7.0, 8.0, 9.0, 10.0, 11.0, 12.0, 13.0, 14.0, 15.0, 16.0, 17.0, 18.0, 19.0, 20.0, 21.0, 22.0, 23.0, 24.0, 25.0, 26.0, 27.0, 28.0, 29.0, 30.0, 31.0, 32.0, 33.0, 34.0, 35.0, 36.0, 37.0, 38.0, 39.0, 40.0, 41.0, 42.0, 43.0, 44.0, 45.0, 46.0, 47.0, 48.0, 49.0, 50.0, 51.0], [0.0, 1.0, 0.0, 1.0, 2.0, 2.0, 0.0, 5.0, 0.0, 6.0, 0.0, 7.0, 0.0, 8.0, 6.0, 2.0, 9.0, 1.0, 6.0, 10.0, 1.0, 1.0, 11.0, 3.0, 0.0, 12.0, 6.0, 13.0, 3.0, 13.0, 0.0, 14.0, 3.0, 15.0, 3.0, 16.0, 7.0, 7.0, 6.0, 17.0, 1.0, 18.0, 0.0, 19.0, 6.0, 20.0, 6.0, 21.0, 8.0, 1.0, 22.0, 7.0], [3.0, 3.0, 4.0, 4.0, 3.0, 4.0, 5.0, 4.0, 6.0, 3.0, 7.0, 5.0, 8.0, 4.0, 4.0, 9.0, 4.0, 9.0, 10.0, 4.0, 6.0, 11.0, 3.0, 4.0, 12.0, 4.0, 13.0, 10.0, 12.0, 4.0, 14.0, 7.0, 15.0, 12.0, 16.0, 12.0, 13.0, 12.0, 17.0, 4.0, 18.0, 6.0, 19.0, 14.0, 20.0, 3.0, 21.0, 13.0, 20.0, 22.0, 3.0, 18.0], [0.4334423542022705, -0.6026006937026978, -1.3311940431594849, -2.0017271041870117, 0.5185708403587341, 0.9417420625686646, -2.106842279434204, 0.4161246418952942, -0.9183362722396851, -0.3593614995479584, -0.013194275088608265, -1.448267936706543, -2.055593252182007, 0.5384294390678406, -1.293036937713623, -1.9950052499771118, -1.536519169807434, -1.9976915121078491, -1.5059905052185059, -1.9583754539489746, -0.032592616975307465, 0.38736793398857117, -0.6921533346176147, -1.0377062559127808, -0.22676317393779755, -1.0226325988769531, -0.19138029217720032, -0.528687059879303, 1.8607559204101562, -1.3087302446365356, -1.1013396978378296, -0.9994431734085083, -0.6734473705291748, -2.0, -2.0, -0.5123649835586548, -1.6887990236282349, 0.31474989652633667, 0.7329063415527344, 0.8727107048034668, 0.4551364481449127, -0.7752207517623901, 0.22322270274162292, 1.0965099334716797, 0.17082451283931732, -0.9755015969276428, 0.018320485949516296, -0.7498042583465576, 0.8384462594985962, 0.4878527820110321, -1.247434377670288, 1.0000059604644775], [1.0, 1.0, 1.0, 1.0, 1.0, 1.0, 1.0, 1.0, 1.0, 1.0, 1.0, 1.0, 1.0, 1.0, 1.0, 1.0, 1.0, 1.0, 1.0, 1.0, 1.0, 1.0, 1.0, 1.0, 1.0, 1.0, 1.0, 1.0, 1.0, 1.0, 1.0, 1.0, 1.0, 1.0, 1.0, 1.0, 1.0, 1.0, 1.0, 1.0, 1.0, 1.0, 1.0, 1.0, 1.0, 1.0, 1.0, 1.0, 1.0, 1.0, 1.0, 1.0]], "node": [[0.0, 1.0, 2.0, 3.0, 4.0, 5.0, 6.0, 7.0, 8.0, 9.0, 10.0, 11.0, 12.0, 13.0, 14.0, 15.0, 16.0, 17.0, 18.0, 19.0, 20.0, 21.0, 22.0], [1.0, 1.0, 4.0, 2.0, 2.0, 3.0, 3.0, 3.0, 3.0, 3.0, 3.0, 3.0, 3.0, 3.0, 3.0, 3.0, 3.0, 3.0, 3.0, 3.0, 3.0, 3.0, 3.0], [11.0, 6.0, 10.0, 8.0, 4.0, 3.0, 3.0, 3.0, 3.0, 10.0, 1.0, 9.0, 5.0, 11.0, 11.0, 6.0, 10.0, 10.0, 9.0, 7.0, 6.0, 8.0, 7.0]]}