{"conn": [[0.0, 1.0, 2.0, 3.0, 4.0, 5.0, 6.0, 7.0, 8.0, 9.0, 10.0, 11.0, 12.0, 13.0, 14.0, 15.0, 16.0, 17.0, 18.0, 19.0, 20.0, 21.0, 22.0, 23.0, 24.0, 25.0, 26.0, 27.0], [0.0, 1.0, 0.0, 1.0, 2.0, 2.0, 0.0, 5.0, 2.0, 6.0, 0.0, 2.0, 7.0, 5.0, 7.0, 0.0, 8.0, 7.0, 9.0, 1.0, 10.0, 7.0, 0.0, 11.0, 7.0, 12.0, 4.0, 5.0], [3.0, 3.0, 4.0, 4.0, 3.0, 4.0, 5.0, 4.0, 6.0, 3.0, 6.0, 7.0, 3.0, 3.0, 4.0, 8.0, 6.0, 9.0, 4.0, 10.0, 3.0, 8.0, 11.0, 4.0, 12.0, 4.0, 3.0, 12.0], [-1.7786946296691895, 1.3267444372177124, 0.42207053303718567, 0.0013878134777769446, -1.4346240758895874, -0.1453382819890976, 0.4534775912761688, -0.3579069674015045, -0.5576218366622925, 0.5672889351844788, 0.6631752252578735, -0.1453753262758255, -0.04885004460811615, 0.04375459626317024, -1.5991978645324707, -0.872613251209259, -0.2760922610759735, -0.4519730508327484, -0.19888585805892944, -0.39910709857940674, -1.2534778118133545, 0.3106019198894501, -1.1693881750106812, 0.5376073718070984, 1.7583450078964233, -0.9838398694992065, 1.3377814292907715, -1.0210611820220947], [1.0, 1.0, 1.0, 1.0, 1.0, 1.0, 1.0, 1.0, 1.0, 1.0, 1.0, 1.0, 1.0, 1.0, 1.0, 1.0, 1.0, 1.0, 1.0, 1.0, 1.0, 1.0, 1.0, 1.0, 1.0, 1.0, 1.0, 1.0]], "node": [[0.0, 1.0, 2.0, 3.0, 4.0, 5.0, 6.0, 7.0, 8.0, 9.0, 10.0, 11.0, 12.0], [1.0, 1.0, 4.0, 2.0, 2.0, 3.0, 3.0, 3.0, 3.0, 3.0, 3.0, 3.0, 3.0], [9.0, 11.0, 11.0, 6.0, 4.0, 1.0, 5.0, 4.0, 10.0, 1.0, 1.0, 6.0, 7.0]]}