{"conn": [[0.0, 1.0, 2.0, 3.0, 4.0, 5.0, 6.0, 7.0, 8.0, 9.0, 10.0, 11.0, 12.0, 13.0, 14.0, 15.0, 16.0, 17.0, 18.0, 19.0, 20.0, 21.0, 22.0, 23.0, 24.0, 25.0, 26.0, 27.0], [0.0, 1.0, 0.0, 1.0, 2.0, 2.0, 0.0, 5.0, 2.0, 6.0, 0.0, 2.0, 7.0, 5.0, 7.0, 0.0, 8.0, 7.0, 9.0, 1.0, 10.0, 7.0, 0.0, 11.0, 7.0, 12.0, 4.0, 5.0], [3.0, 3.0, 4.0, 4.0, 3.0, 4.0, 5.0, 4.0, 6.0, 3.0, 6.0, 7.0, 3.0, 3.0, 4.0, 8.0, 6.0, 9.0, 4.0, 10.0, 3.0, 8.0, 11.0, 4.0, 12.0, 4.0, 3.0, 12.0], [-1.7853277921676636, 1.3585158586502075, 0.36200112104415894, -0.026470711454749107, -1.4137225151062012, -0.1311781406402588, 0.5336517691612244, -0.38753387331962585, -0.5607479214668274, 0.5512374639511108, 0.6614548563957214, -0.14496774971485138, -0.027513379231095314, 0.04048420861363411, -1.5852406024932861, -0.8625216484069824, -0.2760922610759735, -0.4428235590457916, -0.13504119217395782, -0.43159347772598267, -1.265845537185669, 0.3026767671108246, -1.1665353775024414, 0.5496777892112732, 1.7720686197280884, -0.9750608801841736, 1.3377814292907715, -1.050139307975769], [1.0, 1.0, 1.0, 1.0, 1.0, 1.0, 1.0, 1.0, 1.0, 1.0, 1.0, 1.0, 1.0, 1.0, 1.0, 1.0, 1.0, 1.0, 1.0, 1.0, 1.0, 1.0, 1.0, 1.0, 1.0, 1.0, 1.0, 1.0]], "node": [[0.0, 1.0, 2.0, 3.0, 4.0, 5.0, 6.0, 7.0, 8.0, 9.0, 10.0, 11.0, 12.0], [1.0, 1.0, 4.0, 2.0, 2.0, 3.0, 3.0, 3.0, 3.0, 3.0, 3.0, 3.0, 3.0], [9.0, 11.0, 11.0, 6.0, 4.0, 1.0, 5.0, 4.0, 10.0, 1.0, 1.0, 6.0, 7.0]]}