{"conn": [[0.0, 1.0, 2.0, 3.0, 4.0, 5.0, 6.0, 7.0, 8.0, 9.0, 10.0, 11.0, 12.0, 13.0, 14.0, 15.0, 16.0, 17.0, 18.0, 19.0, 20.0, 21.0, 22.0, 23.0], [0.0, 1.0, 0.0, 1.0, 2.0, 2.0, 0.0, 5.0, 2.0, 6.0, 0.0, 2.0, 7.0, 5.0, 7.0, 0.0, 8.0, 7.0, 9.0, 1.0, 10.0, 7.0, 0.0, 11.0], [3.0, 3.0, 4.0, 4.0, 3.0, 4.0, 5.0, 4.0, 6.0, 3.0, 6.0, 7.0, 3.0, 3.0, 4.0, 8.0, 6.0, 9.0, 4.0, 10.0, 3.0, 8.0, 11.0, 4.0], [0.3343828618526459, 0.6553536653518677, -0.2647588849067688, 0.8156901001930237, -0.05667151138186455, -1.387247920036316, -1.1639765501022339, 1.193522572517395, -0.4177093207836151, -0.9636049270629883, 0.6204810738563538, -0.33022770285606384, 0.31419888138771057, -0.2380141019821167, 0.7919125556945801, -0.7481608390808105, -0.33968600630760193, 0.29553282260894775, -0.32832297682762146, -0.058939412236213684, -1.1645704507827759, 0.31443217396736145, -0.5710998773574829, 1.8652619123458862], [1.0, 1.0, 1.0, 1.0, 1.0, 1.0, 1.0, 1.0, 1.0, 1.0, 1.0, 1.0, 1.0, 1.0, 1.0, 1.0, 1.0, 1.0, 1.0, 1.0, 1.0, 1.0, 1.0, 1.0]], "node": [[0.0, 1.0, 2.0, 3.0, 4.0, 5.0, 6.0, 7.0, 8.0, 9.0, 10.0, 11.0], [1.0, 1.0, 4.0, 2.0, 2.0, 3.0, 3.0, 3.0, 3.0, 3.0, 3.0, 3.0], [10.0, 4.0, 4.0, 4.0, 4.0, 4.0, 7.0, 3.0, 6.0, 10.0, 7.0, 9.0]]}