{"conn": [[0.0, 1.0, 2.0, 3.0, 4.0, 5.0, 6.0, 7.0, 8.0, 9.0, 10.0, 11.0, 12.0], [0.0, 1.0, 0.0, 1.0, 2.0, 2.0, 0.0, 5.0, 2.0, 6.0, 0.0, 7.0, 5.0], [3.0, 3.0, 4.0, 4.0, 3.0, 4.0, 5.0, 4.0, 6.0, 4.0, 7.0, 3.0, 3.0], [0.10896513611078262, 0.0028344327583909035, 0.044872984290122986, -0.651995837688446, 0.18465383350849152, -0.8701468706130981, -0.31414830684661865, -0.30045223236083984, -1.1611301898956299, -0.8257104754447937, 1.0037509202957153, -0.7047761082649231, 0.9511868357658386], [1.0, 1.0, 1.0, 1.0, 1.0, 1.0, 1.0, 1.0, 1.0, 1.0, 1.0, 1.0, 1.0]], "node": [[0.0, 1.0, 2.0, 3.0, 4.0, 5.0, 6.0, 7.0], [1.0, 1.0, 4.0, 2.0, 2.0, 3.0, 3.0, 3.0], [9.0, 5.0, 1.0, 8.0, 4.0, 8.0, 1.0, 9.0]]}