{"conn": [[0.0, 1.0, 2.0, 3.0, 4.0, 5.0, 6.0, 7.0, 8.0, 9.0], [0.0, 1.0, 0.0, 1.0, 2.0, 2.0, 0.0, 5.0, 0.0, 6.0], [3.0, 3.0, 4.0, 4.0, 3.0, 4.0, 5.0, 4.0, 6.0, 3.0], [-0.08897660672664642, -0.2389857918024063, 0.09755124896764755, 0.01093313843011856, -0.012139101512730122, 0.6452706456184387, 0.8050574660301208, -0.25061503052711487, 0.999993085861206, 0.016711151227355003], [1.0, 1.0, 1.0, 1.0, 1.0, 1.0, 1.0, 1.0, 1.0, 1.0]], "node": [[0.0, 1.0, 2.0, 3.0, 4.0, 5.0, 6.0], [1.0, 1.0, 4.0, 2.0, 2.0, 3.0, 3.0], [7.0, 4.0, 10.0, 8.0, 5.0, 9.0, 9.0]]}