{"conn": [[0.0, 1.0, 2.0, 3.0, 4.0, 5.0, 6.0, 7.0], [0.0, 1.0, 0.0, 1.0, 2.0, 2.0, 0.0, 5.0], [3.0, 3.0, 4.0, 4.0, 3.0, 4.0, 5.0, 4.0], [0.006852411199361086, -0.08818048983812332, -0.014464757405221462, 0.6429359912872314, -0.09809933602809906, -0.13642506301403046, 0.9848045706748962, 0.2744104564189911], [1.0, 1.0, 1.0, 1.0, 1.0, 1.0, 1.0, 1.0]], "node": [[0.0, 1.0, 2.0, 3.0, 4.0, 5.0], [1.0, 1.0, 4.0, 2.0, 2.0, 3.0], [9.0, 8.0, 8.0, 6.0, 4.0, 9.0]]}