{"conn": [[0.0, 1.0, 2.0, 3.0, 4.0, 5.0, 6.0, 7.0, 8.0, 9.0], [0.0, 1.0, 0.0, 1.0, 2.0, 2.0, 0.0, 5.0, 0.0, 6.0], [3.0, 3.0, 4.0, 4.0, 3.0, 4.0, 5.0, 4.0, 6.0, 3.0], [0.16764041781425476, -0.2316267043352127, -0.4492359161376953, -0.006712879054248333, 0.004864804912358522, -0.5011292099952698, 1.0325524806976318, 0.434649795293808, 0.5055226683616638, -0.1404474824666977], [1.0, 1.0, 1.0, 1.0, 1.0, 1.0, 1.0, 1.0, 1.0, 1.0]], "node": [[0.0, 1.0, 2.0, 3.0, 4.0, 5.0, 6.0], [1.0, 1.0, 4.0, 2.0, 2.0, 3.0, 3.0], [11.0, 1.0, 6.0, 8.0, 7.0, 1.0, 1.0]]}