{"conn": [[0.0, 1.0, 2.0, 3.0, 4.0, 5.0, 6.0, 7.0, 8.0, 9.0], [0.0, 1.0, 0.0, 1.0, 2.0, 2.0, 0.0, 5.0, 0.0, 6.0], [3.0, 3.0, 4.0, 4.0, 3.0, 4.0, 5.0, 4.0, 6.0, 3.0], [-0.09986087679862976, -0.23392516374588013, 0.20607776939868927, 0.014297544956207275, -0.004674249328672886, 0.9063474535942078, 0.8929762244224548, -0.46060577034950256, 0.9998873472213745, 0.01155226118862629], [1.0, 1.0, 1.0, 1.0, 1.0, 1.0, 1.0, 1.0, 1.0, 1.0]], "node": [[0.0, 1.0, 2.0, 3.0, 4.0, 5.0, 6.0], [1.0, 1.0, 4.0, 2.0, 2.0, 3.0, 3.0], [7.0, 4.0, 10.0, 8.0, 5.0, 9.0, 9.0]]}