{"conn": [[0.0, 1.0, 2.0, 3.0, 4.0, 5.0, 6.0, 7.0, 8.0, 9.0], [0.0, 1.0, 0.0, 1.0, 2.0, 2.0, 0.0, 5.0, 0.0, 6.0], [3.0, 3.0, 4.0, 4.0, 3.0, 4.0, 5.0, 4.0, 6.0, 3.0], [0.1683768928050995, -0.23121650516986847, -0.44976505637168884, -0.005784336011856794, 0.0055948300287127495, -0.49983498454093933, 1.0322571992874146, 0.43407636880874634, 0.5053853988647461, -0.1400657743215561], [1.0, 1.0, 1.0, 1.0, 1.0, 1.0, 1.0, 1.0, 1.0, 1.0]], "node": [[0.0, 1.0, 2.0, 3.0, 4.0, 5.0, 6.0], [1.0, 1.0, 4.0, 2.0, 2.0, 3.0, 3.0], [11.0, 1.0, 6.0, 8.0, 7.0, 1.0, 1.0]]}