{"conn": [[0.0, 1.0, 2.0, 3.0, 4.0, 5.0, 6.0, 7.0, 8.0, 9.0, 10.0, 11.0], [0.0, 1.0, 0.0, 1.0, 2.0, 2.0, 0.0, 5.0, 0.0, 6.0, 0.0, 7.0], [3.0, 3.0, 4.0, 4.0, 3.0, 4.0, 5.0, 4.0, 6.0, 3.0, 7.0, 4.0], [-0.37867817282676697, 0.0023961688857525587, 0.12335629761219025, -0.006653463002294302, -0.5245105624198914, -0.6153391599655151, -1.1580699682235718, -0.4380525052547455, 0.6965716481208801, 1.137818455696106, -1.2164137363433838, 0.3118780851364136], [1.0, 1.0, 1.0, 1.0, 1.0, 1.0, 1.0, 1.0, 1.0, 1.0, 1.0, 1.0]], "node": [[0.0, 1.0, 2.0, 3.0, 4.0, 5.0, 6.0, 7.0], [1.0, 1.0, 4.0, 2.0, 2.0, 3.0, 3.0, 3.0], [8.0, 3.0, 7.0, 6.0, 8.0, 6.0, 9.0, 9.0]]}