{"conn": [[0.0, 1.0, 2.0, 3.0, 4.0, 5.0, 6.0, 7.0], [0.0, 1.0, 0.0, 1.0, 2.0, 2.0, 0.0, 5.0], [3.0, 3.0, 4.0, 4.0, 3.0, 4.0, 5.0, 4.0], [0.05843322351574898, -0.4497620463371277, -0.010303030721843243, 0.6376630663871765, -0.08076211810112, -0.11581312119960785, 0.9885945320129395, 0.28769513964653015], [1.0, 1.0, 1.0, 1.0, 1.0, 1.0, 1.0, 1.0]], "node": [[0.0, 1.0, 2.0, 3.0, 4.0, 5.0], [1.0, 1.0, 4.0, 2.0, 2.0, 3.0], [9.0, 8.0, 8.0, 6.0, 4.0, 9.0]]}