{"conn": [[0.0, 1.0, 2.0, 3.0, 4.0, 5.0, 6.0, 7.0, 8.0, 9.0], [0.0, 1.0, 0.0, 1.0, 2.0, 2.0, 0.0, 5.0, 0.0, 6.0], [3.0, 3.0, 4.0, 4.0, 3.0, 4.0, 5.0, 4.0, 6.0, 3.0], [0.16504710912704468, -0.23355433344841003, -0.44976556301116943, -0.005341868847608566, 0.005851854104548693, -0.4991081953048706, 1.0323933362960815, 0.43413281440734863, 0.5059241652488708, -0.14176906645298004], [1.0, 1.0, 1.0, 1.0, 1.0, 1.0, 1.0, 1.0, 1.0, 1.0]], "node": [[0.0, 1.0, 2.0, 3.0, 4.0, 5.0, 6.0], [1.0, 1.0, 4.0, 2.0, 2.0, 3.0, 3.0], [11.0, 1.0, 6.0, 8.0, 7.0, 1.0, 1.0]]}