{"conn": [[0.0, 1.0, 2.0, 3.0, 4.0, 5.0, 6.0, 7.0, 8.0, 9.0, 10.0, 11.0, 12.0, 13.0], [0.0, 1.0, 0.0, 1.0, 2.0, 2.0, 0.0, 5.0, 0.0, 6.0, 0.0, 7.0, 0.0, 8.0], [3.0, 3.0, 4.0, 4.0, 3.0, 4.0, 5.0, 4.0, 6.0, 3.0, 7.0, 6.0, 8.0, 6.0], [-0.0032998782116919756, -0.9819686412811279, 0.007243748754262924, 0.5788732171058655, -0.22337453067302704, -0.07471323013305664, 0.694672703742981, -0.22513896226882935, -0.00475239846855402, -0.09642186015844345, 0.8655484914779663, 1.0011225938796997, 0.9986918568611145, -0.001053188112564385], [1.0, 1.0, 1.0, 1.0, 1.0, 1.0, 1.0, 1.0, 1.0, 1.0, 1.0, 1.0, 1.0, 1.0]], "node": [[0.0, 1.0, 2.0, 3.0, 4.0, 5.0, 6.0, 7.0, 8.0], [1.0, 1.0, 4.0, 2.0, 2.0, 3.0, 3.0, 3.0, 3.0], [5.0, 10.0, 11.0, 6.0, 4.0, 7.0, 3.0, 5.0, 9.0]]}