{"conn": [[0.0, 1.0, 2.0, 3.0, 4.0, 5.0, 6.0, 7.0, 8.0, 9.0], [0.0, 1.0, 0.0, 1.0, 2.0, 2.0, 0.0, 5.0, 0.0, 6.0], [3.0, 3.0, 4.0, 4.0, 3.0, 4.0, 5.0, 4.0, 6.0, 3.0], [-0.0011058216914534569, -0.826992392539978, -0.019926337525248528, 0.6391100883483887, -0.18021385371685028, -0.07708627730607986, 0.8239380717277527, 0.30633193254470825, 1.0012215375900269, 0.10318120568990707], [1.0, 1.0, 1.0, 1.0, 1.0, 1.0, 1.0, 1.0, 1.0, 1.0]], "node": [[0.0, 1.0, 2.0, 3.0, 4.0, 5.0, 6.0], [1.0, 1.0, 4.0, 2.0, 2.0, 3.0, 3.0], [10.0, 10.0, 3.0, 6.0, 4.0, 6.0, 9.0]]}