{"conn": [[0.0, 1.0, 2.0, 3.0, 4.0, 5.0, 6.0, 7.0, 8.0, 9.0, 10.0, 11.0, 12.0, 13.0, 14.0, 15.0], [0.0, 1.0, 0.0, 1.0, 2.0, 2.0, 0.0, 5.0, 0.0, 6.0, 0.0, 7.0, 0.0, 8.0, 0.0, 9.0], [3.0, 3.0, 4.0, 4.0, 3.0, 4.0, 5.0, 4.0, 6.0, 3.0, 7.0, 6.0, 8.0, 6.0, 9.0, 7.0], [0.08482573926448822, 1.9097647666931152, 0.2956174314022064, 1.1209479570388794, 0.3343234360218048, -0.8260677456855774, 0.6481276750564575, 1.043487310409546, -0.7824838757514954, -0.45394620299339294, 0.629797101020813, 0.8152464628219604, -0.3278767764568329, -1.1234447956085205, -1.6607415676116943, 0.27290546894073486], [1.0, 1.0, 1.0, 1.0, 1.0, 1.0, 1.0, 1.0, 1.0, 1.0, 1.0, 1.0, 1.0, 1.0, 1.0, 1.0]], "node": [[0.0, 1.0, 2.0, 3.0, 4.0, 5.0, 6.0, 7.0, 8.0, 9.0], [1.0, 1.0, 4.0, 2.0, 2.0, 3.0, 3.0, 3.0, 3.0, 3.0], [1.0, 3.0, 4.0, 8.0, 4.0, 7.0, 11.0, 8.0, 10.0, 9.0]]}