{"conn": [[0.0, 1.0, 2.0, 3.0, 4.0, 5.0, 6.0, 7.0, 8.0, 9.0, 10.0, 11.0, 12.0, 13.0, 14.0, 15.0, 16.0, 17.0], [0.0, 1.0, 0.0, 1.0, 2.0, 2.0, 0.0, 5.0, 0.0, 6.0, 0.0, 7.0, 0.0, 8.0, 0.0, 9.0, 0.0, 10.0], [3.0, 3.0, 4.0, 4.0, 3.0, 4.0, 5.0, 4.0, 6.0, 3.0, 7.0, 6.0, 8.0, 6.0, 9.0, 7.0, 10.0, 6.0], [-0.8718177676200867, -0.13588488101959229, -1.7655941247940063, 0.22557412087917328, -1.3263583183288574, -0.6441258192062378, 0.9580080509185791, -0.03642226755619049, -1.837264895439148, -1.2543740272521973, -1.2776358127593994, -0.23177851736545563, -0.24563659727573395, 0.3126293122768402, 1.0859150886535645, 0.05576392635703087, -0.42242416739463806, -1.1261329650878906], [1.0, 1.0, 1.0, 1.0, 1.0, 1.0, 1.0, 1.0, 1.0, 1.0, 1.0, 1.0, 1.0, 1.0, 1.0, 1.0, 1.0, 1.0]], "node": [[0.0, 1.0, 2.0, 3.0, 4.0, 5.0, 6.0, 7.0, 8.0, 9.0, 10.0], [1.0, 1.0, 4.0, 2.0, 2.0, 3.0, 3.0, 3.0, 3.0, 3.0, 3.0], [9.0, 7.0, 10.0, 8.0, 4.0, 8.0, 11.0, 8.0, 4.0, 7.0, 9.0]]}