{"conn": [[0.0, 1.0, 2.0, 3.0, 4.0, 5.0, 6.0, 7.0, 8.0, 9.0, 10.0, 11.0, 12.0, 13.0, 14.0, 15.0, 16.0, 17.0, 18.0, 19.0], [0.0, 1.0, 0.0, 1.0, 2.0, 2.0, 0.0, 5.0, 0.0, 6.0, 0.0, 7.0, 0.0, 8.0, 0.0, 9.0, 0.0, 10.0, 0.0, 11.0], [3.0, 3.0, 4.0, 4.0, 3.0, 4.0, 5.0, 4.0, 6.0, 3.0, 7.0, 6.0, 8.0, 6.0, 9.0, 7.0, 10.0, 6.0, 11.0, 9.0], [0.15563349425792694, 0.1955125480890274, -3.1014912128448486, 0.42555931210517883, -0.21007977426052094, -0.765365719795227, -0.23358841240406036, -0.5862507820129395, -2.0143704414367676, 0.029552696272730827, -0.6450285315513611, -0.4839819371700287, -0.953148603439331, -0.640127420425415, -0.5477219223976135, 0.863314688205719, 1.507035493850708, 1.0771286487579346, 0.39338061213493347, 0.8431788682937622], [1.0, 1.0, 1.0, 1.0, 1.0, 1.0, 1.0, 1.0, 1.0, 1.0, 1.0, 1.0, 1.0, 1.0, 1.0, 1.0, 1.0, 1.0, 1.0, 1.0]], "node": [[0.0, 1.0, 2.0, 3.0, 4.0, 5.0, 6.0, 7.0, 8.0, 9.0, 10.0, 11.0], [1.0, 1.0, 4.0, 2.0, 2.0, 3.0, 3.0, 3.0, 3.0, 3.0, 3.0, 3.0], [8.0, 7.0, 1.0, 8.0, 4.0, 7.0, 8.0, 10.0, 9.0, 6.0, 7.0, 9.0]]}