{"conn": [[0.0, 1.0, 2.0, 3.0, 4.0, 5.0, 6.0, 7.0, 8.0, 9.0, 10.0, 11.0], [0.0, 1.0, 0.0, 1.0, 2.0, 2.0, 0.0, 5.0, 0.0, 6.0, 0.0, 7.0], [3.0, 3.0, 4.0, 4.0, 3.0, 4.0, 5.0, 4.0, 6.0, 3.0, 7.0, 6.0], [1.1808528900146484, -1.0849888324737549, 0.4193374514579773, 0.5791410803794861, -0.40748050808906555, 0.6728038787841797, 0.4299771189689636, -2.065321922302246, -0.21168068051338196, -0.9971189498901367, -0.6744486689567566, 0.2736257314682007], [1.0, 1.0, 1.0, 1.0, 1.0, 1.0, 1.0, 1.0, 1.0, 1.0, 1.0, 1.0]], "node": [[0.0, 1.0, 2.0, 3.0, 4.0, 5.0, 6.0, 7.0], [1.0, 1.0, 4.0, 2.0, 2.0, 3.0, 3.0, 3.0], [8.0, 11.0, 1.0, 6.0, 4.0, 11.0, 6.0, 9.0]]}