{"conn": [[0.0, 1.0, 2.0, 3.0, 4.0, 5.0, 6.0, 7.0, 8.0, 9.0, 10.0, 11.0], [0.0, 1.0, 0.0, 1.0, 2.0, 2.0, 0.0, 5.0, 0.0, 6.0, 0.0, 7.0], [3.0, 3.0, 4.0, 4.0, 3.0, 4.0, 5.0, 4.0, 6.0, 3.0, 7.0, 6.0], [1.1710643768310547, -1.0707203149795532, 0.39032986760139465, 0.5632140636444092, -0.42294251918792725, 0.6522404551506042, 0.41561147570610046, -2.063849687576294, -0.20883609354496002, -1.0043277740478516, -0.669834315776825, 0.2736257314682007], [1.0, 1.0, 1.0, 1.0, 1.0, 1.0, 1.0, 1.0, 1.0, 1.0, 1.0, 1.0]], "node": [[0.0, 1.0, 2.0, 3.0, 4.0, 5.0, 6.0, 7.0], [1.0, 1.0, 4.0, 2.0, 2.0, 3.0, 3.0, 3.0], [8.0, 11.0, 1.0, 6.0, 4.0, 11.0, 6.0, 9.0]]}