{"conn": [[0.0, 1.0, 2.0, 3.0, 4.0, 5.0, 6.0, 7.0, 8.0, 9.0, 10.0, 11.0, 12.0, 13.0, 14.0, 15.0], [0.0, 1.0, 0.0, 1.0, 2.0, 2.0, 0.0, 5.0, 0.0, 6.0, 0.0, 7.0, 0.0, 8.0, 0.0, 9.0], [3.0, 3.0, 4.0, 4.0, 3.0, 4.0, 5.0, 4.0, 6.0, 3.0, 7.0, 6.0, 8.0, 6.0, 9.0, 7.0], [0.13965833187103271, 0.1909945011138916, -0.5431485772132874, -0.7505704164505005, 0.07729330658912659, -1.251673936843872, -0.21267364919185638, -0.738865077495575, 0.8814166784286499, -0.022142676636576653, -0.0013565635308623314, -0.7881967425346375, 1.3492923974990845, 0.21069864928722382, 0.9733965992927551, 1.4341601133346558], [1.0, 1.0, 1.0, 1.0, 1.0, 1.0, 1.0, 1.0, 1.0, 1.0, 1.0, 1.0, 1.0, 1.0, 1.0, 1.0]], "node": [[0.0, 1.0, 2.0, 3.0, 4.0, 5.0, 6.0, 7.0, 8.0, 9.0], [1.0, 1.0, 4.0, 2.0, 2.0, 3.0, 3.0, 3.0, 3.0, 3.0], [1.0, 3.0, 4.0, 8.0, 4.0, 7.0, 11.0, 8.0, 10.0, 9.0]]}