{"conn": [[0.0, 1.0, 2.0, 3.0, 4.0, 5.0, 6.0, 7.0], [0.0, 1.0, 0.0, 1.0, 2.0, 2.0, 0.0, 5.0], [3.0, 3.0, 4.0, 4.0, 3.0, 4.0, 5.0, 4.0], [0.08982488512992859, -0.863625168800354, -0.009152937680482864, 0.6299734711647034, 0.09678423404693604, -0.06852664053440094, 0.9963092803955078, 0.31316161155700684], [1.0, 1.0, 1.0, 1.0, 1.0, 1.0, 1.0, 1.0]], "node": [[0.0, 1.0, 2.0, 3.0, 4.0, 5.0], [1.0, 1.0, 4.0, 2.0, 2.0, 3.0], [9.0, 3.0, 7.0, 6.0, 4.0, 9.0]]}