{"conn": [[0.0, 1.0, 2.0, 3.0, 4.0, 5.0, 6.0, 7.0, 8.0, 9.0, 10.0, 11.0, 12.0, 13.0, 14.0, 15.0, 16.0, 17.0], [0.0, 1.0, 0.0, 1.0, 2.0, 2.0, 0.0, 5.0, 0.0, 6.0, 0.0, 7.0, 0.0, 8.0, 0.0, 9.0, 0.0, 10.0], [3.0, 3.0, 4.0, 4.0, 3.0, 4.0, 5.0, 4.0, 6.0, 3.0, 7.0, 6.0, 8.0, 6.0, 9.0, 7.0, 10.0, 6.0], [0.017493922263383865, 0.21737632155418396, 0.28364405035972595, 1.054948091506958, 0.25597161054611206, -0.9309754967689514, 0.6428332328796387, 1.040205478668213, 0.0, -0.11100302636623383, 0.6217404007911682, 0.8152464628219604, -0.2937384843826294, -1.3481338024139404, -1.939789891242981, 0.27290546894073486, 0.9980366230010986, -0.8256666660308838], [1.0, 1.0, 1.0, 1.0, 1.0, 1.0, 1.0, 1.0, 1.0, 1.0, 1.0, 1.0, 1.0, 1.0, 1.0, 1.0, 1.0, 1.0]], "node": [[0.0, 1.0, 2.0, 3.0, 4.0, 5.0, 6.0, 7.0, 8.0, 9.0, 10.0], [1.0, 1.0, 4.0, 2.0, 2.0, 3.0, 3.0, 3.0, 3.0, 3.0, 3.0], [9.0, 7.0, 10.0, 8.0, 4.0, 8.0, 11.0, 8.0, 4.0, 7.0, 9.0]]}