{"conn": [[0.0, 1.0, 2.0, 3.0, 4.0, 5.0, 6.0, 7.0, 8.0, 9.0, 10.0, 11.0], [0.0, 1.0, 0.0, 1.0, 2.0, 2.0, 0.0, 5.0, 0.0, 6.0, 0.0, 7.0], [3.0, 3.0, 4.0, 4.0, 3.0, 4.0, 5.0, 4.0, 6.0, 3.0, 7.0, 6.0], [1.1807472705841064, -1.0847121477127075, 0.4196304976940155, 0.5789204239845276, -0.4078204929828644, 0.6732575297355652, 0.42742595076560974, -2.0650579929351807, -0.2116730660200119, -0.9972835183143616, -0.6746842861175537, 0.2736257314682007], [1.0, 1.0, 1.0, 1.0, 1.0, 1.0, 1.0, 1.0, 1.0, 1.0, 1.0, 1.0]], "node": [[0.0, 1.0, 2.0, 3.0, 4.0, 5.0, 6.0, 7.0], [1.0, 1.0, 4.0, 2.0, 2.0, 3.0, 3.0, 3.0], [8.0, 11.0, 1.0, 6.0, 4.0, 11.0, 6.0, 9.0]]}