{"conn": [[0.0, 1.0, 2.0, 3.0, 4.0, 5.0, 6.0, 7.0, 8.0, 9.0, 10.0, 11.0], [0.0, 1.0, 0.0, 1.0, 2.0, 2.0, 0.0, 5.0, 0.0, 6.0, 0.0, 7.0], [3.0, 3.0, 4.0, 4.0, 3.0, 4.0, 5.0, 4.0, 6.0, 3.0, 7.0, 6.0], [1.170762300491333, -1.070754051208496, 0.3884213864803314, 0.5640431642532349, -0.4233790636062622, 0.6521597504615784, 0.4148542881011963, -2.063774585723877, -0.20878010988235474, -1.0045310258865356, -0.6700059771537781, 0.2736257314682007], [1.0, 1.0, 1.0, 1.0, 1.0, 1.0, 1.0, 1.0, 1.0, 1.0, 1.0, 1.0]], "node": [[0.0, 1.0, 2.0, 3.0, 4.0, 5.0, 6.0, 7.0], [1.0, 1.0, 4.0, 2.0, 2.0, 3.0, 3.0, 3.0], [8.0, 11.0, 1.0, 6.0, 4.0, 11.0, 6.0, 9.0]]}