{"conn": [[0.0, 1.0, 2.0, 3.0, 4.0, 5.0, 6.0, 7.0, 8.0, 9.0, 10.0, 11.0], [0.0, 1.0, 0.0, 1.0, 2.0, 2.0, 0.0, 5.0, 0.0, 6.0, 0.0, 7.0], [3.0, 3.0, 4.0, 4.0, 3.0, 4.0, 5.0, 4.0, 6.0, 3.0, 7.0, 6.0], [-0.005422881804406643, -0.7889515161514282, 0.0008400586666539311, 0.5460208058357239, -0.20221051573753357, -0.07835235446691513, 0.6932463049888611, 0.19302015006542206, -0.001053188112564385, 0.10156179964542389, 1.001334547996521, 1.0011225938796997], [1.0, 1.0, 1.0, 1.0, 1.0, 1.0, 1.0, 1.0, 1.0, 1.0, 1.0, 1.0]], "node": [[0.0, 1.0, 2.0, 3.0, 4.0, 5.0, 6.0, 7.0], [1.0, 1.0, 4.0, 2.0, 2.0, 3.0, 3.0, 3.0], [9.0, 11.0, 3.0, 6.0, 4.0, 1.0, 7.0, 9.0]]}