{"conn": [[0.0, 1.0, 2.0, 3.0, 4.0, 5.0, 6.0, 7.0, 8.0, 9.0, 10.0, 11.0], [0.0, 1.0, 0.0, 1.0, 2.0, 2.0, 0.0, 5.0, 0.0, 6.0, 0.0, 7.0], [3.0, 3.0, 4.0, 4.0, 3.0, 4.0, 5.0, 4.0, 6.0, 3.0, 7.0, 6.0], [1.1807341575622559, -1.0851222276687622, 0.41869795322418213, 0.5791044235229492, -0.40770065784454346, 0.6728532910346985, 0.4313901960849762, -2.06546950340271, -0.2116536647081375, -0.9972223043441772, -0.6745638251304626, 0.2736257314682007], [1.0, 1.0, 1.0, 1.0, 1.0, 1.0, 1.0, 1.0, 1.0, 1.0, 1.0, 1.0]], "node": [[0.0, 1.0, 2.0, 3.0, 4.0, 5.0, 6.0, 7.0], [1.0, 1.0, 4.0, 2.0, 2.0, 3.0, 3.0, 3.0], [8.0, 11.0, 1.0, 6.0, 4.0, 11.0, 6.0, 9.0]]}