{"conn": [[0.0, 1.0, 2.0, 3.0, 4.0, 5.0, 6.0, 7.0, 8.0, 9.0, 10.0, 11.0, 12.0, 13.0, 14.0, 15.0], [0.0, 1.0, 0.0, 1.0, 2.0, 2.0, 0.0, 5.0, 0.0, 6.0, 0.0, 7.0, 0.0, 8.0, 0.0, 9.0], [3.0, 3.0, 4.0, 4.0, 3.0, 4.0, 5.0, 4.0, 6.0, 3.0, 7.0, 6.0, 8.0, 6.0, 9.0, 7.0], [-0.03268666937947273, 0.25687241554260254, 0.3094561696052551, 1.096871018409729, 0.3516539931297302, -0.7853564620018005, 0.6337474584579468, 1.0346156358718872, -0.6691699028015137, -0.11100302636623383, 0.6213036775588989, 0.8152464628219604, -0.29494738578796387, -1.1234447956085205, -1.6092422008514404, 0.27290546894073486], [1.0, 1.0, 1.0, 1.0, 1.0, 1.0, 1.0, 1.0, 1.0, 1.0, 1.0, 1.0, 1.0, 1.0, 1.0, 1.0]], "node": [[0.0, 1.0, 2.0, 3.0, 4.0, 5.0, 6.0, 7.0, 8.0, 9.0], [1.0, 1.0, 4.0, 2.0, 2.0, 3.0, 3.0, 3.0, 3.0, 3.0], [1.0, 3.0, 4.0, 8.0, 4.0, 7.0, 11.0, 8.0, 10.0, 9.0]]}