{"conn": [[0.0, 1.0, 2.0, 3.0, 4.0, 5.0, 6.0, 7.0, 8.0, 9.0, 10.0, 11.0, 12.0, 13.0, 14.0, 15.0], [0.0, 1.0, 0.0, 1.0, 2.0, 2.0, 0.0, 5.0, 0.0, 6.0, 0.0, 7.0, 0.0, 8.0, 0.0, 9.0], [3.0, 3.0, 4.0, 4.0, 3.0, 4.0, 5.0, 4.0, 6.0, 3.0, 7.0, 6.0, 8.0, 6.0, 9.0, 7.0], [0.04594651609659195, 0.20090018212795258, -0.5393843650817871, -0.7594764232635498, 0.07329504191875458, -1.1965910196304321, -0.2098938226699829, -0.7380695343017578, 0.8854784965515137, -0.057862378656864166, -0.0014779538614675403, -0.7881967425346375, 1.3495149612426758, 0.21069864928722382, 0.9745484590530396, 1.4341601133346558], [1.0, 1.0, 1.0, 1.0, 1.0, 1.0, 1.0, 1.0, 1.0, 1.0, 1.0, 1.0, 1.0, 1.0, 1.0, 1.0]], "node": [[0.0, 1.0, 2.0, 3.0, 4.0, 5.0, 6.0, 7.0, 8.0, 9.0], [1.0, 1.0, 4.0, 2.0, 2.0, 3.0, 3.0, 3.0, 3.0, 3.0], [1.0, 3.0, 4.0, 8.0, 4.0, 7.0, 11.0, 8.0, 10.0, 9.0]]}