{"conn": [[0.0, 1.0, 2.0, 3.0, 4.0, 5.0, 485.0, 486.0, 1240.0, 1241.0], [0.0, 1.0, 2.0, 0.0, 1.0, 2.0, 2.0, 201.0, 2.0, 481.0], [3.0, 3.0, 3.0, 4.0, 4.0, 4.0, 201.0, 4.0, 481.0, 3.0], [0.09234815835952759, 0.0009690788574516773, -0.21592506766319275, 0.9364930391311646, -0.0012971441028639674, 0.23905885219573975, 1.094070553779602, -0.4492524564266205, 1.0784904956817627, 0.4043652415275574], [1.0, 1.0, 1.0, 1.0, 1.0, 1.0, 1.0, 1.0, 1.0, 1.0]], "node": [[0.0, 1.0, 2.0, 3.0, 4.0, 201.0, 481.0], [4.0, 1.0, 1.0, 2.0, 2.0, 3.0, 3.0], [9.0, 9.0, 9.0, 9.0, 9.0, 9.0, 9.0]]}