{"conn": [[0.0, 1.0, 2.0, 3.0, 4.0, 5.0, 44.0, 45.0, 134.0, 135.0, 136.0, 331.0, 332.0, 418.0, 1057.0, 1162.0, 1163.0], [0.0, 1.0, 2.0, 0.0, 1.0, 2.0, 0.0, 22.0, 2.0, 58.0, 3.0, 2.0, 133.0, 2.0, 133.0, 3.0, 435.0], [3.0, 3.0, 3.0, 4.0, 4.0, 4.0, 22.0, 4.0, 58.0, 4.0, 4.0, 133.0, 3.0, 22.0, 4.0, 435.0, 4.0], [0.0004127739812247455, -0.03555072471499443, -0.14609646797180176, 0.8138594627380371, -0.00872468389570713, 0.13725349307060242, 0.513390302658081, -0.09535194933414459, 0.6431779861450195, -1.692832350730896, -0.3841071128845215, 1.3174355030059814, 0.23329566419124603, 0.9968839287757874, 0.620154082775116, 1.0, 0.28176265954971313], [1.0, 1.0, 1.0, 1.0, 1.0, 1.0, 1.0, 1.0, 1.0, 1.0, 1.0, 1.0, 1.0, 1.0, 1.0, 1.0, 1.0]], "node": [[0.0, 1.0, 2.0, 3.0, 4.0, 22.0, 58.0, 133.0, 435.0], [4.0, 1.0, 1.0, 2.0, 2.0, 3.0, 3.0, 3.0, 3.0], [9.0, 9.0, 9.0, 9.0, 9.0, 9.0, 9.0, 9.0, 9.0]]}