{"conn": [[0.0, 1.0, 2.0, 3.0, 4.0, 5.0, 60.0, 61.0, 216.0, 217.0, 323.0, 372.0, 373.0, 511.0, 578.0, 579.0, 1058.0, 1059.0, 1117.0, 1118.0, 1244.0, 1245.0, 1450.0, 1451.0, 1452.0, 1666.0, 1667.0, 2622.0, 2623.0, 2624.0, 2673.0, 2674.0, 2798.0, 2799.0, 2952.0, 3001.0, 3002.0, 3003.0, 3054.0, 3055.0], [0.0, 1.0, 2.0, 0.0, 1.0, 2.0, 0.0, 29.0, 1.0, 92.0, 3.0, 0.0, 153.0, 0.0, 92.0, 230.0, 0.0, 411.0, 0.0, 432.0, 2.0, 480.0, 480.0, 553.0, 411.0, 230.0, 629.0, 0.0, 961.0, 961.0, 230.0, 980.0, 1.0, 1026.0, 230.0, 153.0, 1096.0, 1096.0, 480.0, 1114.0], [3.0, 3.0, 3.0, 4.0, 4.0, 4.0, 29.0, 4.0, 92.0, 4.0, 4.0, 153.0, 4.0, 92.0, 230.0, 4.0, 411.0, 3.0, 432.0, 4.0, 480.0, 4.0, 553.0, 4.0, 553.0, 629.0, 4.0, 961.0, 3.0, 4.0, 980.0, 4.0, 1026.0, 3.0, 3.0, 1096.0, 4.0, 980.0, 1114.0, 4.0], [-0.3917079567909241, -0.3985860347747803, -0.15864461660385132, -0.9711692333221436, 1.130552053451538, 0.4858044981956482, 1.5269023180007935, 1.4154424667358398, 1.590255618095398, -0.6640514731407166, 0.39688023924827576, 0.9203794598579407, 0.0, 0.7894771695137024, -0.11772885918617249, -0.22210842370986938, 1.8328192234039307, -0.2872163951396942, 0.10306284576654434, -0.6896775364875793, 1.2904757261276245, 0.0, 0.8285772204399109, -1.513936161994934, 1.1617859601974487, 0.31388941407203674, -1.4254264831542969, 0.9633136987686157, 0.8252882957458496, 1.5310190916061401, 1.2910583019256592, 0.09796665608882904, 1.1931328773498535, -0.5788980722427368, 0.9789921641349792, 1.0, -0.233849436044693, 1.0, 1.0, -1.1194868087768555], [1.0, 1.0, 1.0, 1.0, 1.0, 1.0, 1.0, 1.0, 1.0, 1.0, 1.0, 1.0, 1.0, 1.0, 1.0, 1.0, 1.0, 1.0, 1.0, 1.0, 1.0, 1.0, 1.0, 1.0, 1.0, 1.0, 1.0, 1.0, 1.0, 1.0, 1.0, 1.0, 1.0, 1.0, 1.0, 1.0, 1.0, 1.0, 1.0, 1.0]], "node": [[0.0, 1.0, 2.0, 3.0, 4.0, 29.0, 92.0, 153.0, 230.0, 411.0, 432.0, 480.0, 553.0, 629.0, 961.0, 980.0, 1026.0, 1096.0, 1114.0], [4.0, 1.0, 1.0, 2.0, 2.0, 3.0, 3.0, 3.0, 3.0, 3.0, 3.0, 3.0, 3.0, 3.0, 3.0, 3.0, 3.0, 3.0, 3.0], [9.0, 9.0, 9.0, 9.0, 9.0, 9.0, 9.0, 9.0, 9.0, 9.0, 9.0, 9.0, 9.0, 9.0, 9.0, 9.0, 9.0, 9.0, 9.0]]}