{"conn": [[0.0, 1.0, 2.0, 3.0, 4.0, 5.0, 40.0, 41.0, 42.0, 131.0, 132.0, 133.0, 209.0, 210.0, 282.0, 283.0], [0.0, 1.0, 2.0, 0.0, 1.0, 2.0, 2.0, 20.0, 0.0, 0.0, 56.0, 2.0, 1.0, 86.0, 0.0, 115.0], [3.0, 3.0, 3.0, 4.0, 4.0, 4.0, 20.0, 4.0, 20.0, 56.0, 3.0, 56.0, 86.0, 4.0, 115.0, 3.0], [0.10714447498321533, 0.15226687490940094, 1.9830667972564697, -1.4211984872817993, 0.0, 0.0, 1.0, -1.1613044738769531, 0.8827399015426636, 0.4597010910511017, -1.2910900115966797, 1.3672233819961548, 1.4904826879501343, -1.3170976638793945, 1.0062142610549927, 0.08449482172727585], [1.0, 1.0, 1.0, 1.0, 1.0, 1.0, 1.0, 1.0, 1.0, 1.0, 1.0, 1.0, 1.0, 1.0, 1.0, 1.0]], "node": [[0.0, 1.0, 2.0, 3.0, 4.0, 20.0, 56.0, 86.0, 115.0], [4.0, 1.0, 1.0, 2.0, 2.0, 3.0, 3.0, 3.0, 3.0], [9.0, 9.0, 9.0, 9.0, 9.0, 9.0, 9.0, 9.0, 9.0]]}