{"conn": [[0.0, 1.0, 2.0, 3.0, 4.0, 5.0, 36.0, 37.0, 38.0, 122.0, 123.0, 193.0, 194.0, 347.0, 348.0, 613.0, 614.0, 762.0, 763.0, 1191.0, 1520.0, 1521.0, 2396.0], [0.0, 1.0, 2.0, 0.0, 1.0, 2.0, 2.0, 18.0, 1.0, 1.0, 55.0, 1.0, 82.0, 1.0, 140.0, 18.0, 232.0, 55.0, 282.0, 282.0, 82.0, 551.0, 282.0], [3.0, 3.0, 3.0, 4.0, 4.0, 4.0, 18.0, 3.0, 18.0, 55.0, 3.0, 82.0, 18.0, 140.0, 4.0, 232.0, 3.0, 282.0, 3.0, 4.0, 551.0, 18.0, 551.0], [0.8466923236846924, 0.6688404679298401, 0.505174458026886, -0.8229308128356934, -0.19602538645267487, 0.29833510518074036, 0.8009153604507446, 0.15868575870990753, -0.08152490854263306, 1.3960012197494507, -0.09120553731918335, 0.9619722962379456, -0.5939306020736694, 1.6014106273651123, -0.43851345777511597, 1.0928515195846558, -1.4702266454696655, 1.5862685441970825, -0.42770349979400635, 0.6841601133346558, 0.841986358165741, -0.14979054033756256, 1.0919783115386963], [1.0, 1.0, 1.0, 1.0, 1.0, 1.0, 1.0, 1.0, 1.0, 1.0, 1.0, 1.0, 1.0, 1.0, 1.0, 1.0, 1.0, 1.0, 1.0, 1.0, 1.0, 1.0, 1.0]], "node": [[0.0, 1.0, 2.0, 3.0, 4.0, 18.0, 55.0, 82.0, 140.0, 232.0, 282.0, 551.0], [4.0, 1.0, 1.0, 2.0, 2.0, 3.0, 3.0, 3.0, 3.0, 3.0, 3.0, 3.0], [9.0, 9.0, 9.0, 9.0, 9.0, 9.0, 9.0, 9.0, 9.0, 9.0, 9.0, 9.0]]}