{"conn": [[0.0, 1.0, 2.0, 3.0, 4.0, 5.0, 60.0, 61.0, 216.0, 217.0, 323.0, 372.0, 373.0, 511.0, 578.0, 579.0, 1058.0, 1059.0, 1117.0, 1118.0, 1244.0, 1245.0, 1450.0, 1451.0, 1452.0, 1666.0, 1667.0, 2622.0, 2623.0, 2624.0, 2673.0, 2674.0, 2798.0, 2799.0, 2952.0, 3004.0, 3097.0, 3144.0, 3145.0, 3180.0, 3371.0, 3372.0, 3461.0, 3510.0, 3626.0, 3627.0], [0.0, 1.0, 2.0, 0.0, 1.0, 2.0, 0.0, 29.0, 1.0, 92.0, 3.0, 0.0, 153.0, 0.0, 92.0, 230.0, 0.0, 411.0, 0.0, 432.0, 2.0, 480.0, 480.0, 553.0, 411.0, 230.0, 629.0, 0.0, 961.0, 961.0, 230.0, 980.0, 1.0, 1026.0, 230.0, 230.0, 29.0, 230.0, 1144.0, 1144.0, 29.0, 1221.0, 411.0, 961.0, 980.0, 1313.0], [3.0, 3.0, 3.0, 4.0, 4.0, 4.0, 29.0, 4.0, 92.0, 4.0, 4.0, 153.0, 4.0, 92.0, 230.0, 4.0, 411.0, 3.0, 432.0, 4.0, 480.0, 4.0, 553.0, 4.0, 553.0, 629.0, 4.0, 961.0, 3.0, 4.0, 980.0, 4.0, 1026.0, 3.0, 3.0, 1026.0, 553.0, 1144.0, 1026.0, 3.0, 1221.0, 553.0, 980.0, 1221.0, 1313.0, 4.0], [-0.3989698886871338, 0.1430719494819641, -0.2471020370721817, -1.1444309949874878, 1.331266164779663, 0.20899221301078796, 1.1470743417739868, 0.36857959628105164, 1.2106647491455078, -1.04128098487854, -8.853821754455566, 0.38126689195632935, -0.39159348607063293, 1.1814322471618652, -0.713341474533081, -0.38560202717781067, 0.3276103436946869, -2.882970094680786, -0.40936344861984253, -0.07232291996479034, -1.2362403869628906, -2.5496163368225098, -9.092949867248535, -3.3246779441833496, -9.255472183227539, -0.06333218514919281, -1.391573429107666, 0.13432471454143524, -2.643113374710083, -0.13981914520263672, 0.8295890688896179, -1.6989902257919312, -0.2591458261013031, -3.140573501586914, 1.377658486366272, 0.7044668793678284, -3.6590046882629395, 1.3724476099014282, 1.2477107048034668, 0.477301687002182, 0.9301434755325317, 0.6698048710823059, -0.4641367197036743, -2.324260711669922, 0.2821410894393921, -2.5461409091949463], [1.0, 1.0, 1.0, 1.0, 1.0, 1.0, 1.0, 1.0, 1.0, 1.0, 1.0, 1.0, 1.0, 1.0, 1.0, 1.0, 1.0, 1.0, 1.0, 1.0, 1.0, 1.0, 1.0, 1.0, 1.0, 1.0, 1.0, 1.0, 1.0, 1.0, 1.0, 1.0, 1.0, 1.0, 1.0, 1.0, 1.0, 1.0, 1.0, 1.0, 1.0, 1.0, 1.0, 1.0, 1.0, 1.0]], "node": [[0.0, 1.0, 2.0, 3.0, 4.0, 29.0, 92.0, 153.0, 230.0, 411.0, 432.0, 480.0, 553.0, 629.0, 961.0, 980.0, 1026.0, 1144.0, 1221.0, 1313.0], [4.0, 1.0, 1.0, 2.0, 2.0, 3.0, 3.0, 3.0, 3.0, 3.0, 3.0, 3.0, 3.0, 3.0, 3.0, 3.0, 3.0, 3.0, 3.0, 3.0], [9.0, 9.0, 9.0, 9.0, 9.0, 9.0, 9.0, 9.0, 9.0, 9.0, 9.0, 9.0, 9.0, 9.0, 9.0, 9.0, 9.0, 9.0, 9.0, 9.0]]}