{"conn": [[0.0, 1.0, 2.0, 3.0, 4.0, 5.0, 78.0, 79.0, 143.0, 144.0, 230.0, 231.0, 331.0, 332.0, 391.0, 392.0, 450.0, 451.0, 523.0, 524.0, 597.0, 598.0, 1064.0, 1065.0, 1140.0, 1141.0], [0.0, 1.0, 2.0, 0.0, 1.0, 2.0, 0.0, 37.0, 2.0, 62.0, 1.0, 99.0, 0.0, 138.0, 2.0, 161.0, 99.0, 184.0, 138.0, 208.0, 1.0, 237.0, 0.0, 413.0, 0.0, 441.0], [3.0, 3.0, 3.0, 4.0, 4.0, 4.0, 37.0, 4.0, 62.0, 4.0, 99.0, 4.0, 138.0, 4.0, 161.0, 3.0, 184.0, 4.0, 208.0, 4.0, 237.0, 3.0, 413.0, 3.0, 441.0, 3.0], [-0.07175670564174652, -0.20832866430282593, -0.271727055311203, -0.10813931375741959, 0.4570409655570984, 0.31061771512031555, 1.027590036392212, -1.9683561325073242, 1.4595905542373657, -1.331784725189209, -0.3784361481666565, 0.0201233122497797, 0.406510591506958, -0.1391509622335434, 1.2873625755310059, 0.4210284948348999, 0.46290841698646545, 0.5271416306495667, 1.2507147789001465, -0.2921987473964691, 0.9897005558013916, -0.9699093699455261, 1.0441408157348633, -0.07479588687419891, 1.01508629322052, -0.24661719799041748], [1.0, 1.0, 1.0, 1.0, 1.0, 1.0, 1.0, 1.0, 1.0, 1.0, 1.0, 1.0, 1.0, 1.0, 1.0, 1.0, 1.0, 1.0, 1.0, 1.0, 1.0, 1.0, 1.0, 1.0, 1.0, 1.0]], "node": [[0.0, 1.0, 2.0, 3.0, 4.0, 37.0, 62.0, 99.0, 138.0, 161.0, 184.0, 208.0, 237.0, 413.0, 441.0], [4.0, 1.0, 1.0, 2.0, 2.0, 3.0, 3.0, 3.0, 3.0, 3.0, 3.0, 3.0, 3.0, 3.0, 3.0], [9.0, 9.0, 9.0, 9.0, 9.0, 9.0, 9.0, 9.0, 9.0, 9.0, 9.0, 9.0, 9.0, 9.0, 9.0]]}