{"conn": [[0.0, 1.0, 2.0, 3.0, 4.0, 5.0], [0.0, 1.0, 2.0, 0.0, 1.0, 2.0], [3.0, 3.0, 3.0, 4.0, 4.0, 4.0], [0.4995185136795044, -0.0014032922917976975, 0.008140068501234055, 0.5004815459251404, 0.0014032915933057666, -0.00814006756991148], [1.0, 1.0, 1.0, 1.0, 1.0, 1.0]], "node": [[0.0, 1.0, 2.0, 3.0, 4.0], [4.0, 1.0, 1.0, 2.0, 2.0], [9.0, 9.0, 9.0, 9.0, 9.0]]}