{"conn": [[0.0, 1.0, 2.0, 3.0, 4.0, 5.0], [0.0, 1.0, 2.0, 0.0, 1.0, 2.0], [3.0, 3.0, 3.0, 4.0, 4.0, 4.0], [0.4999736249446869, -0.000767789373639971, -0.00039266515523195267, -0.35374245047569275, 0.04038107395172119, 0.0506986528635025], [1.0, 1.0, 1.0, 1.0, 1.0, 1.0]], "node": [[0.0, 1.0, 2.0, 3.0, 4.0], [4.0, 1.0, 1.0, 2.0, 2.0], [9.0, 9.0, 9.0, 9.0, 9.0]]}