{"conn": [[0.0, 1.0, 2.0, 3.0, 4.0, 5.0, 46.0, 47.0, 48.0, 203.0, 305.0, 306.0, 307.0, 357.0, 358.0, 566.0, 567.0, 631.0, 632.0, 702.0, 827.0, 828.0, 900.0, 901.0, 983.0, 984.0, 1180.0, 1241.0, 1288.0, 1289.0, 1382.0, 1383.0, 1538.0, 1539.0, 1788.0, 1789.0, 1902.0, 2096.0, 2097.0, 2151.0, 2152.0, 2153.0], [0.0, 1.0, 2.0, 0.0, 1.0, 2.0, 2.0, 23.0, 1.0, 0.0, 2.0, 129.0, 129.0, 23.0, 148.0, 129.0, 225.0, 1.0, 250.0, 1.0, 23.0, 322.0, 2.0, 350.0, 322.0, 381.0, 3.0, 1.0, 1.0, 495.0, 1.0, 529.0, 0.0, 584.0, 0.0, 669.0, 129.0, 0.0, 774.0, 129.0, 793.0, 225.0], [3.0, 3.0, 3.0, 4.0, 4.0, 4.0, 23.0, 3.0, 23.0, 23.0, 129.0, 4.0, 3.0, 148.0, 3.0, 225.0, 3.0, 250.0, 3.0, 148.0, 322.0, 3.0, 350.0, 3.0, 381.0, 3.0, 4.0, 381.0, 495.0, 3.0, 529.0, 4.0, 584.0, 4.0, 669.0, 23.0, 669.0, 774.0, 23.0, 793.0, 3.0, 495.0], [0.92447429895401, -0.036511071026325226, 0.5503484606742859, -0.13532093167304993, 0.31179311871528625, -0.36799025535583496, 1.4743051528930664, -0.7110312581062317, -0.07774229347705841, 0.6942713260650635, -0.3021322190761566, -0.8453052639961243, -0.022840751335024834, 0.32688701152801514, 0.7775745391845703, 0.9909706711769104, 1.4762132167816162, 0.506565272808075, -1.4909178018569946, 1.2067219018936157, 0.7957602739334106, -0.5300809144973755, 0.696618378162384, -0.023195838555693626, 0.5908477902412415, 0.975134015083313, 0.8471821546554565, 0.4182354509830475, 0.9790512323379517, -0.24851371347904205, 0.3914289176464081, -1.0947000980377197, 1.257449746131897, 0.778310239315033, 1.312544584274292, 1.53707754611969, 0.9965237975120544, 1.0440078973770142, 0.0, 1.011568307876587, -0.4189545214176178, 0.9992250800132751], [1.0, 1.0, 1.0, 1.0, 1.0, 1.0, 1.0, 1.0, 1.0, 1.0, 1.0, 1.0, 1.0, 1.0, 1.0, 1.0, 1.0, 1.0, 1.0, 1.0, 1.0, 1.0, 1.0, 1.0, 1.0, 1.0, 1.0, 1.0, 1.0, 1.0, 1.0, 1.0, 1.0, 1.0, 1.0, 1.0, 1.0, 1.0, 1.0, 1.0, 1.0, 1.0]], "node": [[0.0, 1.0, 2.0, 3.0, 4.0, 23.0, 129.0, 148.0, 225.0, 250.0, 322.0, 350.0, 381.0, 495.0, 529.0, 584.0, 669.0, 774.0, 793.0], [4.0, 1.0, 1.0, 2.0, 2.0, 3.0, 3.0, 3.0, 3.0, 3.0, 3.0, 3.0, 3.0, 3.0, 3.0, 3.0, 3.0, 3.0, 3.0], [9.0, 9.0, 9.0, 9.0, 9.0, 9.0, 9.0, 9.0, 9.0, 9.0, 9.0, 9.0, 9.0, 9.0, 9.0, 9.0, 9.0, 9.0, 9.0]]}