{"conn": [[0.0, 1.0, 2.0, 3.0, 4.0, 5.0, 6.0, 7.0, 8.0, 9.0], [0.0, 1.0, 0.0, 1.0, 2.0, 2.0, 0.0, 5.0, 0.0, 6.0], [3.0, 3.0, 4.0, 4.0, 3.0, 4.0, 5.0, 4.0, 6.0, 3.0], [-0.25721871852874756, -0.020356466993689537, -0.24433815479278564, 0.4119994640350342, 0.0021333626937121153, -0.22268906235694885, 0.8723175525665283, 0.3893457055091858, 1.0958234071731567, 0.46130380034446716], [1.0, 1.0, 1.0, 1.0, 1.0, 1.0, 1.0, 1.0, 1.0, 1.0]], "node": [[0.0, 1.0, 2.0, 3.0, 4.0, 5.0, 6.0], [1.0, 1.0, 4.0, 2.0, 2.0, 3.0, 3.0], [5.0, 8.0, 10.0, 9.0, 4.0, 11.0, 9.0]]}