{"conn": [[0.0, 1.0, 2.0, 3.0, 4.0, 5.0, 6.0, 7.0, 8.0, 9.0], [0.0, 1.0, 0.0, 1.0, 2.0, 2.0, 0.0, 5.0, 0.0, 6.0], [3.0, 3.0, 4.0, 4.0, 3.0, 4.0, 5.0, 4.0, 6.0, 3.0], [0.2299133986234665, 0.012203973717987537, -0.05012109503149986, 0.43560364842414856, -0.07925786823034286, -0.3181186616420746, 0.6783534288406372, 0.5629384517669678, 1.3829843997955322, -0.326722115278244], [1.0, 1.0, 1.0, 1.0, 1.0, 1.0, 1.0, 1.0, 1.0, 1.0]], "node": [[0.0, 1.0, 2.0, 3.0, 4.0, 5.0, 6.0], [1.0, 1.0, 4.0, 2.0, 2.0, 3.0, 3.0], [1.0, 3.0, 7.0, 8.0, 4.0, 11.0, 9.0]]}