{"conn": [[0.0, 1.0, 2.0, 3.0, 4.0, 5.0, 6.0, 7.0], [0.0, 1.0, 0.0, 1.0, 2.0, 2.0, 0.0, 5.0], [3.0, 3.0, 4.0, 4.0, 3.0, 4.0, 5.0, 4.0], [-0.036801669746637344, -0.0355585515499115, -0.2575574815273285, 0.6614388823509216, -0.008530559949576855, -0.1487881988286972, 0.8456452488899231, 0.3603857755661011], [1.0, 1.0, 1.0, 1.0, 1.0, 1.0, 1.0, 1.0]], "node": [[0.0, 1.0, 2.0, 3.0, 4.0, 5.0], [1.0, 1.0, 4.0, 2.0, 2.0, 3.0], [11.0, 8.0, 11.0, 6.0, 4.0, 9.0]]}