{"conn": [[0.0, 1.0, 2.0, 3.0, 4.0, 5.0, 6.0, 7.0, 8.0, 9.0], [0.0, 1.0, 0.0, 1.0, 2.0, 2.0, 0.0, 5.0, 0.0, 6.0], [3.0, 3.0, 4.0, 4.0, 3.0, 4.0, 5.0, 4.0, 6.0, 3.0], [0.2307991087436676, 0.010316507890820503, -0.027533285319805145, 0.4430908262729645, -0.07655820995569229, -0.31548693776130676, 0.7202279567718506, 0.47849923372268677, 2.0951499938964844, -0.2163892388343811], [1.0, 1.0, 1.0, 1.0, 1.0, 1.0, 1.0, 1.0, 1.0, 1.0]], "node": [[0.0, 1.0, 2.0, 3.0, 4.0, 5.0, 6.0], [1.0, 1.0, 4.0, 2.0, 2.0, 3.0, 3.0], [1.0, 3.0, 7.0, 8.0, 4.0, 11.0, 9.0]]}