{"conn": [[0.0, 1.0, 2.0, 3.0, 4.0, 5.0, 6.0, 7.0, 8.0, 9.0], [0.0, 1.0, 0.0, 1.0, 2.0, 2.0, 0.0, 5.0, 0.0, 6.0], [3.0, 3.0, 4.0, 4.0, 3.0, 4.0, 5.0, 4.0, 6.0, 3.0], [0.22958339750766754, 0.010038748383522034, -0.024342598393559456, 0.44592127203941345, -0.07766281068325043, -0.31587913632392883, 0.7130495309829712, 0.4812206029891968, 2.017643690109253, -0.22573897242546082], [1.0, 1.0, 1.0, 1.0, 1.0, 1.0, 1.0, 1.0, 1.0, 1.0]], "node": [[0.0, 1.0, 2.0, 3.0, 4.0, 5.0, 6.0], [1.0, 1.0, 4.0, 2.0, 2.0, 3.0, 3.0], [1.0, 3.0, 7.0, 8.0, 4.0, 11.0, 9.0]]}