{"conn": [[0.0, 1.0, 2.0, 3.0, 4.0, 5.0, 6.0, 7.0, 8.0, 9.0], [0.0, 1.0, 0.0, 1.0, 2.0, 2.0, 0.0, 5.0, 0.0, 6.0], [3.0, 3.0, 4.0, 4.0, 3.0, 4.0, 5.0, 4.0, 6.0, 3.0], [0.2304631918668747, 0.011819540522992611, -0.028701666742563248, 0.4448982775211334, -0.07679691165685654, -0.3176381587982178, 0.7059218883514404, 0.4950312376022339, 1.8614020347595215, -0.24375000596046448], [1.0, 1.0, 1.0, 1.0, 1.0, 1.0, 1.0, 1.0, 1.0, 1.0]], "node": [[0.0, 1.0, 2.0, 3.0, 4.0, 5.0, 6.0], [1.0, 1.0, 4.0, 2.0, 2.0, 3.0, 3.0], [1.0, 3.0, 7.0, 8.0, 4.0, 11.0, 9.0]]}