{"conn": [[0.0, 1.0, 2.0, 3.0, 4.0, 5.0, 6.0, 7.0, 8.0, 9.0], [0.0, 1.0, 0.0, 1.0, 2.0, 2.0, 0.0, 5.0, 0.0, 6.0], [3.0, 3.0, 4.0, 4.0, 3.0, 4.0, 5.0, 4.0, 6.0, 3.0], [0.2290494590997696, 0.012249846011400223, -0.11741843819618225, 0.42527103424072266, -0.07915879786014557, -0.28704166412353516, 0.6597688794136047, 0.6148943305015564, 1.1381449699401855, -0.39756157994270325], [1.0, 1.0, 1.0, 1.0, 1.0, 1.0, 1.0, 1.0, 1.0, 1.0]], "node": [[0.0, 1.0, 2.0, 3.0, 4.0, 5.0, 6.0], [1.0, 1.0, 4.0, 2.0, 2.0, 3.0, 3.0], [1.0, 3.0, 7.0, 8.0, 4.0, 11.0, 9.0]]}