{"conn": [[0.0, 1.0, 2.0, 3.0, 4.0, 5.0, 6.0, 7.0], [0.0, 1.0, 0.0, 1.0, 2.0, 2.0, 0.0, 5.0], [3.0, 3.0, 4.0, 4.0, 3.0, 4.0, 5.0, 4.0], [-0.008491423912346363, -0.4596668779850006, -0.18819554150104523, 0.6505323648452759, -0.07030479609966278, -0.09772437810897827, 0.9824280142784119, 0.26573559641838074], [1.0, 1.0, 1.0, 1.0, 1.0, 1.0, 1.0, 1.0]], "node": [[0.0, 1.0, 2.0, 3.0, 4.0, 5.0], [1.0, 1.0, 4.0, 2.0, 2.0, 3.0], [7.0, 1.0, 3.0, 6.0, 4.0, 9.0]]}