{"conn": [[0.0, 1.0, 2.0, 3.0, 4.0, 5.0, 6.0, 7.0, 8.0, 9.0, 10.0, 11.0], [0.0, 1.0, 0.0, 1.0, 2.0, 2.0, 0.0, 5.0, 0.0, 6.0, 0.0, 7.0], [3.0, 3.0, 4.0, 4.0, 3.0, 4.0, 5.0, 4.0, 6.0, 3.0, 7.0, 6.0], [0.1382722705602646, 0.0027534007094800472, -0.06888163834810257, 0.45021119713783264, -0.43123123049736023, -0.3129275143146515, 0.7203701734542847, 0.48052141070365906, -0.001742099178954959, -0.3755423426628113, 0.7300165295600891, 1.0674173831939697], [1.0, 1.0, 1.0, 1.0, 1.0, 1.0, 1.0, 1.0, 1.0, 1.0, 1.0, 1.0]], "node": [[0.0, 1.0, 2.0, 3.0, 4.0, 5.0, 6.0, 7.0], [1.0, 1.0, 4.0, 2.0, 2.0, 3.0, 3.0, 3.0], [1.0, 1.0, 7.0, 11.0, 4.0, 11.0, 9.0, 9.0]]}