{"conn": [[0.0, 1.0, 2.0, 3.0, 4.0, 5.0, 6.0, 7.0], [0.0, 1.0, 0.0, 1.0, 2.0, 2.0, 0.0, 5.0], [3.0, 3.0, 4.0, 4.0, 3.0, 4.0, 5.0, 4.0], [-0.04004419595003128, -0.01435119565576315, -0.29636791348457336, 0.5686388611793518, -0.009910103864967823, -0.28462544083595276, 1.1496374607086182, 0.6536074876785278], [1.0, 1.0, 1.0, 1.0, 1.0, 1.0, 1.0, 1.0]], "node": [[0.0, 1.0, 2.0, 3.0, 4.0, 5.0], [1.0, 1.0, 4.0, 2.0, 2.0, 3.0], [7.0, 5.0, 11.0, 6.0, 4.0, 9.0]]}