{"conn": [[0.0, 1.0, 2.0, 3.0, 4.0, 5.0, 6.0, 7.0, 8.0, 9.0, 10.0, 11.0], [0.0, 1.0, 0.0, 1.0, 2.0, 2.0, 0.0, 5.0, 0.0, 6.0, 0.0, 7.0], [3.0, 3.0, 4.0, 4.0, 3.0, 4.0, 5.0, 4.0, 6.0, 3.0, 7.0, 6.0], [0.13851258158683777, 0.004634589422494173, -0.06832125037908554, 0.4481031000614166, -0.43152835965156555, -0.31272679567337036, 0.7225067615509033, 0.48212432861328125, -0.001625726348720491, -0.37553107738494873, 0.7298097610473633, 1.0674173831939697], [1.0, 1.0, 1.0, 1.0, 1.0, 1.0, 1.0, 1.0, 1.0, 1.0, 1.0, 1.0]], "node": [[0.0, 1.0, 2.0, 3.0, 4.0, 5.0, 6.0, 7.0], [1.0, 1.0, 4.0, 2.0, 2.0, 3.0, 3.0, 3.0], [1.0, 1.0, 7.0, 11.0, 4.0, 11.0, 9.0, 9.0]]}