{"conn": [[0.0, 1.0, 2.0, 3.0, 4.0, 5.0, 6.0, 7.0, 8.0, 9.0, 10.0, 11.0], [0.0, 1.0, 0.0, 1.0, 2.0, 2.0, 0.0, 5.0, 0.0, 6.0, 0.0, 7.0], [3.0, 3.0, 4.0, 4.0, 3.0, 4.0, 5.0, 4.0, 6.0, 3.0, 7.0, 6.0], [0.13877137005329132, 0.005952384788542986, -0.06520148366689682, 0.44699570536613464, -0.42951661348342896, -0.3123677372932434, 0.7230275869369507, 0.4825156033039093, -0.0024542834144085646, -0.3755243122577667, 0.7305408120155334, 1.0674173831939697], [1.0, 1.0, 1.0, 1.0, 1.0, 1.0, 1.0, 1.0, 1.0, 1.0, 1.0, 1.0]], "node": [[0.0, 1.0, 2.0, 3.0, 4.0, 5.0, 6.0, 7.0], [1.0, 1.0, 4.0, 2.0, 2.0, 3.0, 3.0, 3.0], [1.0, 1.0, 7.0, 11.0, 4.0, 11.0, 9.0, 9.0]]}