{"conn": [[0.0, 1.0, 2.0, 3.0, 4.0, 5.0, 6.0, 7.0, 8.0, 9.0], [0.0, 1.0, 0.0, 1.0, 2.0, 2.0, 0.0, 5.0, 0.0, 6.0], [3.0, 3.0, 4.0, 4.0, 3.0, 4.0, 5.0, 4.0, 6.0, 3.0], [0.2032143473625183, 0.0037869149819016457, -0.30774417519569397, 0.5682147741317749, -0.1483413726091385, -0.29089435935020447, 1.0291426181793213, 0.7279244065284729, 1.0674173831939697, -0.37598806619644165], [1.0, 1.0, 1.0, 1.0, 1.0, 1.0, 1.0, 1.0, 1.0, 1.0]], "node": [[0.0, 1.0, 2.0, 3.0, 4.0, 5.0, 6.0], [1.0, 1.0, 4.0, 2.0, 2.0, 3.0, 3.0], [11.0, 11.0, 6.0, 7.0, 4.0, 9.0, 9.0]]}