{"conn": [[0.0, 1.0, 2.0, 3.0, 4.0, 5.0, 6.0, 7.0], [0.0, 1.0, 0.0, 1.0, 2.0, 2.0, 0.0, 5.0], [3.0, 3.0, 4.0, 4.0, 3.0, 4.0, 5.0, 4.0], [0.003301098244264722, -0.4421999454498291, -0.014952756464481354, 0.6113117337226868, -0.0767611712217331, -0.1014849916100502, 1.0054117441177368, 0.3410223722457886], [1.0, 1.0, 1.0, 1.0, 1.0, 1.0, 1.0, 1.0]], "node": [[0.0, 1.0, 2.0, 3.0, 4.0, 5.0], [1.0, 1.0, 4.0, 2.0, 2.0, 3.0], [7.0, 5.0, 11.0, 6.0, 4.0, 9.0]]}