{"conn": [[0.0, 1.0, 2.0, 3.0, 4.0, 5.0, 6.0, 7.0, 8.0, 9.0, 10.0, 11.0], [0.0, 1.0, 0.0, 1.0, 2.0, 2.0, 0.0, 5.0, 0.0, 6.0, 0.0, 7.0], [3.0, 3.0, 4.0, 4.0, 3.0, 4.0, 5.0, 4.0, 6.0, 3.0, 7.0, 6.0], [0.13892784714698792, 0.002182944444939494, -0.0742419883608818, 0.44735318422317505, -0.4315049648284912, -0.3115594983100891, 0.7247924208641052, 0.48380640149116516, -0.00044058298226445913, -0.37576156854629517, 0.7316138744354248, 1.0674173831939697], [1.0, 1.0, 1.0, 1.0, 1.0, 1.0, 1.0, 1.0, 1.0, 1.0, 1.0, 1.0]], "node": [[0.0, 1.0, 2.0, 3.0, 4.0, 5.0, 6.0, 7.0], [1.0, 1.0, 4.0, 2.0, 2.0, 3.0, 3.0, 3.0], [1.0, 1.0, 7.0, 11.0, 4.0, 11.0, 9.0, 9.0]]}