{"conn": [[0.0, 1.0, 2.0, 3.0, 4.0, 5.0, 6.0, 7.0, 8.0, 9.0, 10.0, 11.0], [0.0, 1.0, 0.0, 1.0, 2.0, 2.0, 0.0, 5.0, 0.0, 6.0, 0.0, 7.0], [3.0, 3.0, 4.0, 4.0, 3.0, 4.0, 5.0, 4.0, 6.0, 3.0, 7.0, 6.0], [0.13861434161663055, 0.006056674290448427, -0.06701876223087311, 0.4469720721244812, -0.4303272068500519, -0.31133198738098145, 0.7236952781677246, 0.4829963147640228, -0.0015585151268169284, -0.3756779730319977, 0.7309171557426453, 1.0674173831939697], [1.0, 1.0, 1.0, 1.0, 1.0, 1.0, 1.0, 1.0, 1.0, 1.0, 1.0, 1.0]], "node": [[0.0, 1.0, 2.0, 3.0, 4.0, 5.0, 6.0, 7.0], [1.0, 1.0, 4.0, 2.0, 2.0, 3.0, 3.0, 3.0], [1.0, 1.0, 7.0, 11.0, 4.0, 11.0, 9.0, 9.0]]}