{"conn": [[0.0, 1.0, 2.0, 3.0, 4.0, 5.0, 6.0, 7.0, 8.0, 9.0, 10.0, 11.0, 12.0, 13.0, 14.0, 15.0, 16.0, 17.0, 18.0, 19.0, 20.0, 21.0, 22.0, 23.0, 24.0, 25.0, 26.0, 27.0, 28.0], [0.0, 1.0, 0.0, 1.0, 0.0, 1.0, 0.0, 1.0, 0.0, 1.0, 3.0, 4.0, 5.0, 6.0, 7.0, 3.0, 4.0, 5.0, 6.0, 7.0, 2.0, 2.0, 2.0, 2.0, 2.0, 2.0, 2.0, 7.0, 10.0], [3.0, 3.0, 4.0, 4.0, 5.0, 5.0, 6.0, 6.0, 7.0, 7.0, 8.0, 8.0, 8.0, 8.0, 8.0, 9.0, 9.0, 9.0, 9.0, 9.0, 3.0, 4.0, 5.0, 6.0, 7.0, 8.0, 9.0, 10.0, 8.0], [0.11618892103433609, -0.11759638786315918, -0.12000774592161179, -1.3123695850372314, -0.006950726266950369, -0.503624439239502, -0.11746850609779358, -1.6887379884719849, 0.27204886078834534, -0.49959680438041687, 0.02102772705256939, 0.16717924177646637, -0.6077902913093567, 0.1114792749285698, 0.014610708691179752, 0.23624931275844574, -0.8418951034545898, 0.04636629670858383, 0.06875625252723694, 0.17046919465065002, 0.5792129635810852, 0.34926915168762207, 0.8255147933959961, 0.18630175292491913, 0.32200613617897034, -0.8553484678268433, 0.4051266312599182, 1.0004570484161377, -0.03558114543557167], [1.0, 1.0, 1.0, 1.0, 1.0, 1.0, 1.0, 1.0, 1.0, 1.0, 1.0, 1.0, 1.0, 1.0, 1.0, 1.0, 1.0, 1.0, 1.0, 1.0, 1.0, 1.0, 1.0, 1.0, 1.0, 1.0, 1.0, 1.0, 1.0]], "node": [[0.0, 1.0, 2.0, 3.0, 4.0, 5.0, 6.0, 7.0, 8.0, 9.0, 10.0], [1.0, 1.0, 4.0, 3.0, 3.0, 3.0, 3.0, 3.0, 2.0, 2.0, 3.0], [3.0, 3.0, 7.0, 6.0, 3.0, 4.0, 11.0, 3.0, 6.0, 4.0, 9.0]]}