{"conn": [[0.0, 1.0, 2.0, 3.0, 4.0, 5.0, 6.0, 7.0, 8.0, 9.0, 10.0, 11.0, 12.0, 13.0, 14.0, 15.0, 16.0, 17.0, 18.0, 19.0, 20.0, 21.0, 22.0, 23.0, 24.0, 25.0, 26.0, 27.0, 28.0, 29.0, 30.0], [0.0, 1.0, 0.0, 1.0, 0.0, 1.0, 0.0, 1.0, 0.0, 1.0, 3.0, 4.0, 5.0, 6.0, 7.0, 3.0, 4.0, 5.0, 6.0, 7.0, 2.0, 2.0, 2.0, 2.0, 2.0, 2.0, 2.0, 7.0, 10.0, 1.0, 11.0], [3.0, 3.0, 4.0, 4.0, 5.0, 5.0, 6.0, 6.0, 7.0, 7.0, 8.0, 8.0, 8.0, 8.0, 8.0, 9.0, 9.0, 9.0, 9.0, 9.0, 3.0, 4.0, 5.0, 6.0, 7.0, 8.0, 9.0, 10.0, 8.0, 11.0, 5.0], [0.21751581132411957, 0.022280531004071236, -0.2705026865005493, -0.8053134083747864, 0.04566878080368042, -0.30900123715400696, -0.3148115277290344, -1.6557843685150146, 0.15405765175819397, -0.7780875563621521, -1.0387595891952515, 0.2248094379901886, -1.204645037651062, 0.10572726279497147, 0.41191205382347107, 0.1070321723818779, -0.6955614686012268, -0.4053023159503937, 0.439998060464859, 0.7908347845077515, -0.0014238401781767607, 0.466328889131546, 0.10555652529001236, -0.23048092424869537, -0.10764846950769424, -1.1147022247314453, -0.029465006664395332, 1.0268325805664062, 0.23706631362438202, 0.8663628101348877, -0.194970965385437], [1.0, 1.0, 1.0, 1.0, 1.0, 1.0, 1.0, 1.0, 1.0, 1.0, 1.0, 1.0, 1.0, 1.0, 1.0, 1.0, 1.0, 1.0, 1.0, 1.0, 1.0, 1.0, 1.0, 1.0, 1.0, 1.0, 1.0, 1.0, 1.0, 1.0, 1.0]], "node": [[0.0, 1.0, 2.0, 3.0, 4.0, 5.0, 6.0, 7.0, 8.0, 9.0, 10.0, 11.0], [1.0, 1.0, 4.0, 3.0, 3.0, 3.0, 3.0, 3.0, 2.0, 2.0, 3.0, 3.0], [6.0, 6.0, 10.0, 10.0, 8.0, 9.0, 4.0, 11.0, 6.0, 4.0, 9.0, 9.0]]}