{"conn": [[0.0, 1.0, 2.0, 3.0, 4.0, 5.0, 6.0, 7.0, 8.0, 9.0, 10.0, 11.0, 12.0, 13.0, 14.0, 15.0, 16.0, 17.0, 18.0, 19.0, 20.0, 21.0, 22.0, 23.0, 24.0, 25.0, 26.0, 27.0, 28.0, 29.0, 30.0], [0.0, 1.0, 0.0, 1.0, 0.0, 1.0, 0.0, 1.0, 0.0, 1.0, 3.0, 4.0, 5.0, 6.0, 7.0, 3.0, 4.0, 5.0, 6.0, 7.0, 2.0, 2.0, 2.0, 2.0, 2.0, 2.0, 2.0, 7.0, 10.0, 1.0, 11.0], [3.0, 3.0, 4.0, 4.0, 5.0, 5.0, 6.0, 6.0, 7.0, 7.0, 8.0, 8.0, 8.0, 8.0, 8.0, 9.0, 9.0, 9.0, 9.0, 9.0, 3.0, 4.0, 5.0, 6.0, 7.0, 8.0, 9.0, 10.0, 8.0, 11.0, 5.0], [0.2180405557155609, 0.015563113614916801, -0.23757602274417877, -0.8979414701461792, 0.0240719523280859, -0.29058903455734253, -0.3107292354106903, -1.652423620223999, 0.16617180407047272, -0.7986612915992737, -1.3678725957870483, 0.3640907108783722, -1.1982381343841553, 0.08170028030872345, 0.3488837480545044, 0.14068704843521118, -0.7365370988845825, -0.4054092466831207, 0.5128128528594971, 0.8342759013175964, 0.003962351009249687, 0.465962678194046, 0.09160108119249344, -0.2175234854221344, -0.08434756845235825, -1.11483633518219, 0.017931753769516945, 1.023440957069397, 0.17245638370513916, 0.8576014637947083, -0.194970965385437], [1.0, 1.0, 1.0, 1.0, 1.0, 1.0, 1.0, 1.0, 1.0, 1.0, 1.0, 1.0, 1.0, 1.0, 1.0, 1.0, 1.0, 1.0, 1.0, 1.0, 1.0, 1.0, 1.0, 1.0, 1.0, 1.0, 1.0, 1.0, 1.0, 1.0, 1.0]], "node": [[0.0, 1.0, 2.0, 3.0, 4.0, 5.0, 6.0, 7.0, 8.0, 9.0, 10.0, 11.0], [1.0, 1.0, 4.0, 3.0, 3.0, 3.0, 3.0, 3.0, 2.0, 2.0, 3.0, 3.0], [6.0, 6.0, 10.0, 10.0, 8.0, 9.0, 4.0, 11.0, 6.0, 4.0, 9.0, 9.0]]}