{"conn": [[0.0, 1.0, 2.0, 3.0, 4.0, 5.0, 6.0, 7.0, 8.0, 9.0, 10.0, 11.0, 12.0, 13.0, 14.0, 15.0, 16.0, 17.0, 18.0, 19.0, 20.0, 21.0, 22.0, 23.0, 24.0, 25.0, 26.0, 27.0, 28.0], [0.0, 1.0, 0.0, 1.0, 0.0, 1.0, 0.0, 1.0, 0.0, 1.0, 3.0, 4.0, 5.0, 6.0, 7.0, 3.0, 4.0, 5.0, 6.0, 7.0, 2.0, 2.0, 2.0, 2.0, 2.0, 2.0, 2.0, 7.0, 10.0], [3.0, 3.0, 4.0, 4.0, 5.0, 5.0, 6.0, 6.0, 7.0, 7.0, 8.0, 8.0, 8.0, 8.0, 8.0, 9.0, 9.0, 9.0, 9.0, 9.0, 3.0, 4.0, 5.0, 6.0, 7.0, 8.0, 9.0, 10.0, 8.0], [0.14090697467327118, -0.11381314694881439, -0.08920707553625107, -0.7112845182418823, 0.66774982213974, -0.263703852891922, -0.3022938668727875, -1.686448574066162, 0.11928043514490128, -0.5569976568222046, -0.09381850808858871, -0.11460836231708527, -1.0806050300598145, 0.12812960147857666, 0.3441978693008423, -0.18865138292312622, -0.5893768668174744, -0.35542917251586914, 0.14093415439128876, 1.0147186517715454, 0.576622486114502, 0.46529334783554077, 0.387486070394516, -0.028551772236824036, 0.483610063791275, -0.9874262809753418, -0.2024378925561905, 1.0025275945663452, 0.08259996771812439], [1.0, 1.0, 1.0, 1.0, 1.0, 1.0, 1.0, 1.0, 1.0, 1.0, 1.0, 1.0, 1.0, 1.0, 1.0, 1.0, 1.0, 1.0, 1.0, 1.0, 1.0, 1.0, 1.0, 1.0, 1.0, 1.0, 1.0, 1.0, 1.0]], "node": [[0.0, 1.0, 2.0, 3.0, 4.0, 5.0, 6.0, 7.0, 8.0, 9.0, 10.0], [1.0, 1.0, 4.0, 3.0, 3.0, 3.0, 3.0, 3.0, 2.0, 2.0, 3.0], [3.0, 3.0, 7.0, 6.0, 3.0, 4.0, 11.0, 3.0, 6.0, 4.0, 9.0]]}