{"conn": [[0.0, 1.0, 2.0, 3.0, 4.0, 5.0, 6.0, 7.0, 8.0, 9.0, 10.0, 11.0, 12.0, 13.0, 14.0, 15.0, 16.0, 17.0, 18.0, 19.0, 20.0, 21.0, 22.0, 23.0, 24.0, 25.0, 26.0, 27.0, 28.0, 29.0, 30.0], [0.0, 1.0, 0.0, 1.0, 0.0, 1.0, 0.0, 1.0, 0.0, 1.0, 3.0, 4.0, 5.0, 6.0, 7.0, 3.0, 4.0, 5.0, 6.0, 7.0, 2.0, 2.0, 2.0, 2.0, 2.0, 2.0, 2.0, 7.0, 10.0, 1.0, 11.0], [3.0, 3.0, 4.0, 4.0, 5.0, 5.0, 6.0, 6.0, 7.0, 7.0, 8.0, 8.0, 8.0, 8.0, 8.0, 9.0, 9.0, 9.0, 9.0, 9.0, 3.0, 4.0, 5.0, 6.0, 7.0, 8.0, 9.0, 10.0, 8.0, 11.0, 5.0], [0.2166769802570343, 0.013672088272869587, -0.21762233972549438, -0.9625596404075623, 0.005161108449101448, -0.2925683259963989, -0.3053756058216095, -1.649876594543457, 0.16627036035060883, -0.8231855630874634, -1.612419605255127, 0.426613450050354, -1.2019977569580078, 0.06356393545866013, 0.3212081789970398, 0.16347375512123108, -0.7743864059448242, -0.4037719666957855, 0.5557817220687866, 0.857181191444397, 0.0021605677902698517, 0.46109601855278015, 0.12449600547552109, -0.20808076858520508, -0.07554294168949127, -1.1258842945098877, 0.04561857506632805, 1.0228475332260132, 0.14413803815841675, 0.8569862246513367, -0.194970965385437], [1.0, 1.0, 1.0, 1.0, 1.0, 1.0, 1.0, 1.0, 1.0, 1.0, 1.0, 1.0, 1.0, 1.0, 1.0, 1.0, 1.0, 1.0, 1.0, 1.0, 1.0, 1.0, 1.0, 1.0, 1.0, 1.0, 1.0, 1.0, 1.0, 1.0, 1.0]], "node": [[0.0, 1.0, 2.0, 3.0, 4.0, 5.0, 6.0, 7.0, 8.0, 9.0, 10.0, 11.0], [1.0, 1.0, 4.0, 3.0, 3.0, 3.0, 3.0, 3.0, 2.0, 2.0, 3.0, 3.0], [6.0, 6.0, 10.0, 10.0, 8.0, 9.0, 4.0, 11.0, 6.0, 4.0, 9.0, 9.0]]}