{"conn": [[0.0, 1.0, 2.0, 3.0, 4.0, 5.0, 6.0, 7.0, 8.0, 9.0, 10.0, 11.0, 12.0, 13.0, 14.0, 15.0, 16.0, 17.0, 18.0, 19.0, 20.0, 21.0, 22.0, 23.0, 24.0, 25.0, 26.0, 27.0, 28.0], [0.0, 1.0, 0.0, 1.0, 0.0, 1.0, 0.0, 1.0, 0.0, 1.0, 3.0, 4.0, 5.0, 6.0, 7.0, 3.0, 4.0, 5.0, 6.0, 7.0, 2.0, 2.0, 2.0, 2.0, 2.0, 2.0, 2.0, 7.0, 10.0], [3.0, 3.0, 4.0, 4.0, 5.0, 5.0, 6.0, 6.0, 7.0, 7.0, 8.0, 8.0, 8.0, 8.0, 8.0, 9.0, 9.0, 9.0, 9.0, 9.0, 3.0, 4.0, 5.0, 6.0, 7.0, 8.0, 9.0, 10.0, 8.0], [0.1568901091814041, -0.1167551726102829, -0.08189219236373901, -0.7115693092346191, 0.6746723651885986, -0.194970965385437, -0.27830177545547485, -1.6918447017669678, 0.11692071706056595, -0.5541265606880188, -0.0651986300945282, -0.17368176579475403, -1.3558908700942993, 0.1301695853471756, 0.3790305554866791, -0.19703741371631622, -0.6047626733779907, -0.42131420969963074, 0.14763088524341583, 1.0816624164581299, 0.5761907696723938, 0.4630472660064697, 0.23182034492492676, -0.02941146120429039, 0.48125356435775757, -0.9246272444725037, -0.20537665486335754, 1.0049892663955688, 0.11670290678739548], [1.0, 1.0, 1.0, 1.0, 1.0, 1.0, 1.0, 1.0, 1.0, 1.0, 1.0, 1.0, 1.0, 1.0, 1.0, 1.0, 1.0, 1.0, 1.0, 1.0, 1.0, 1.0, 1.0, 1.0, 1.0, 1.0, 1.0, 1.0, 1.0]], "node": [[0.0, 1.0, 2.0, 3.0, 4.0, 5.0, 6.0, 7.0, 8.0, 9.0, 10.0], [1.0, 1.0, 4.0, 3.0, 3.0, 3.0, 3.0, 3.0, 2.0, 2.0, 3.0], [3.0, 3.0, 7.0, 6.0, 3.0, 4.0, 11.0, 3.0, 6.0, 4.0, 9.0]]}