{"conn": [[0.0, 1.0, 2.0, 3.0, 4.0, 5.0, 6.0, 7.0, 8.0, 9.0, 10.0, 11.0, 12.0, 13.0, 14.0, 15.0, 16.0, 17.0, 18.0, 19.0, 20.0, 21.0, 22.0, 23.0, 24.0, 25.0, 26.0, 27.0, 28.0, 29.0, 30.0], [0.0, 1.0, 0.0, 1.0, 0.0, 1.0, 0.0, 1.0, 0.0, 1.0, 3.0, 4.0, 5.0, 6.0, 7.0, 3.0, 4.0, 5.0, 6.0, 7.0, 2.0, 2.0, 2.0, 2.0, 2.0, 2.0, 2.0, 7.0, 10.0, 1.0, 11.0], [3.0, 3.0, 4.0, 4.0, 5.0, 5.0, 6.0, 6.0, 7.0, 7.0, 8.0, 8.0, 8.0, 8.0, 8.0, 9.0, 9.0, 9.0, 9.0, 9.0, 3.0, 4.0, 5.0, 6.0, 7.0, 8.0, 9.0, 10.0, 8.0, 11.0, 5.0], [0.21820302307605743, 0.020080789923667908, -0.25102555751800537, -0.8550145030021667, 0.0316183865070343, -0.29351967573165894, -0.31472912430763245, -1.6530094146728516, 0.16836383938789368, -0.779869019985199, -1.2168217897415161, 0.3106057047843933, -1.1988288164138794, 0.09345036745071411, 0.3751046359539032, 0.12741237878799438, -0.7144761681556702, -0.40538763999938965, 0.48198792338371277, 0.8135238885879517, 0.002225711243227124, 0.4665868580341339, 0.08747423440217972, -0.22324852645397186, -0.0917300283908844, -1.1116437911987305, 0.001508887973614037, 1.0241798162460327, 0.199310302734375, 0.860757052898407, -0.194970965385437], [1.0, 1.0, 1.0, 1.0, 1.0, 1.0, 1.0, 1.0, 1.0, 1.0, 1.0, 1.0, 1.0, 1.0, 1.0, 1.0, 1.0, 1.0, 1.0, 1.0, 1.0, 1.0, 1.0, 1.0, 1.0, 1.0, 1.0, 1.0, 1.0, 1.0, 1.0]], "node": [[0.0, 1.0, 2.0, 3.0, 4.0, 5.0, 6.0, 7.0, 8.0, 9.0, 10.0, 11.0], [1.0, 1.0, 4.0, 3.0, 3.0, 3.0, 3.0, 3.0, 2.0, 2.0, 3.0, 3.0], [6.0, 6.0, 10.0, 10.0, 8.0, 9.0, 4.0, 11.0, 6.0, 4.0, 9.0, 9.0]]}