{"conn": [[0.0, 1.0, 2.0, 3.0, 4.0, 5.0, 6.0, 7.0, 8.0, 9.0, 10.0, 11.0, 12.0, 13.0, 14.0, 15.0, 16.0, 17.0, 18.0, 19.0, 20.0, 21.0, 22.0, 23.0, 24.0, 25.0, 26.0, 27.0, 28.0, 29.0, 30.0], [0.0, 1.0, 0.0, 1.0, 0.0, 1.0, 0.0, 1.0, 0.0, 1.0, 3.0, 4.0, 5.0, 6.0, 7.0, 3.0, 4.0, 5.0, 6.0, 7.0, 2.0, 2.0, 2.0, 2.0, 2.0, 2.0, 2.0, 7.0, 10.0, 1.0, 11.0], [3.0, 3.0, 4.0, 4.0, 5.0, 5.0, 6.0, 6.0, 7.0, 7.0, 8.0, 8.0, 8.0, 8.0, 8.0, 9.0, 9.0, 9.0, 9.0, 9.0, 3.0, 4.0, 5.0, 6.0, 7.0, 8.0, 9.0, 10.0, 8.0, 11.0, 5.0], [0.23944516479969025, 0.03707719221711159, -0.283355176448822, -0.8122788667678833, 0.3987625539302826, -0.19677451252937317, -0.30231529474258423, -1.6843856573104858, 0.17942079901695251, -0.7051700949668884, -0.6210183501243591, -0.019553793594241142, -1.2569615840911865, 0.11256115138530731, 0.46677517890930176, -0.12909035384655, -0.7179625630378723, -0.4316822588443756, 0.25566914677619934, 0.7307035326957703, 0.1930750161409378, 0.4249837100505829, 0.24835622310638428, -0.24621489644050598, 0.11234233528375626, -1.1390372514724731, -0.2987443804740906, 1.0240575075149536, 0.29372236132621765, 1.0054659843444824, -0.194970965385437], [1.0, 1.0, 1.0, 1.0, 1.0, 1.0, 1.0, 1.0, 1.0, 1.0, 1.0, 1.0, 1.0, 1.0, 1.0, 1.0, 1.0, 1.0, 1.0, 1.0, 1.0, 1.0, 1.0, 1.0, 1.0, 1.0, 1.0, 1.0, 1.0, 1.0, 1.0]], "node": [[0.0, 1.0, 2.0, 3.0, 4.0, 5.0, 6.0, 7.0, 8.0, 9.0, 10.0, 11.0], [1.0, 1.0, 4.0, 3.0, 3.0, 3.0, 3.0, 3.0, 2.0, 2.0, 3.0, 3.0], [6.0, 6.0, 10.0, 10.0, 8.0, 9.0, 4.0, 11.0, 6.0, 4.0, 9.0, 9.0]]}